ID,人数,順位,ゲームの時間,送ったライン合計,APM,日付,(JST),リプレイ
4RBY02,6,3/6,1:01.160,28,38.26,2021-07-07,00:06:17,
1MGZ0S,6,5/6,1:01.850,28,37.83,2021-07-07,00:04:04,
MN3IUP,5,4/5,1:24.290,31,45.56,2021-07-07,00:02:16,
EP804Q,6,3/6,1:49.220,43,34.06,2021-07-06,23:59:33,
6NCAAF,6,3/6,2:02.290,46,29.93,2021-07-06,23:56:57,
EXEBF7,5,3/5,1:01.840,26,29.11,2021-07-06,23:54:22,
Z1WNRH,4,4/4,18.62,3,16.11,2021-07-06,23:51:56,
EZRUEV,6,3/6,2:03.250,53,33.59,2021-07-06,23:49:36,
UUEP0W,4,3/4,2:07.420,80,50.38,2021-07-06,23:47:21,
I1H3T5,6,1/6,1:35.460,69,56.57,2021-07-06,10:42:42,
UQ4KZM,6,2/6,2:05.670,67,38.67,2021-07-06,10:41:03,
TSK2A5,6,5/6,16.98,9,45.94,2021-07-06,10:38:52,
C5QGIM,5,4/5,17.89,2,13.42,2021-07-06,10:37:00,
IJ7FPD,4,2/4,2:11.210,89,54.42,2021-07-06,10:36:17,
9PH8U6,2,2/2,57.48,14,28.18,2021-07-06,10:33:57,
IA1BGL,3,2/3,48.06,19,27.47,2021-07-06,10:32:05,
KVSUG3,6,1/6,2:15.230,75,41.71,2021-07-05,16:51:01,
1MT5EZ,4,2/4,1:54.240,70,46.22,2021-07-05,16:48:40,
DLY08M,4,3/4,20.5,7,20.49,2021-07-05,16:46:43,
S3OBS1,4,2/4,1:49.550,35,26.84,2021-07-05,16:46:00,
044LK9,3,3/3,16,0,0.0,2021-07-05,16:44:07,
B0511H,3,3/3,12.53,0,0.0,2021-07-05,16:43:37,
NSJABA,3,2/3,44.79,7,32.15,2021-07-05,16:43:17,
R3UQTR,3,1/3,31.46,45,85.82,2021-07-05,16:42:28,
1O0XN5,3,1/3,27.56,41,100.14,2021-07-05,16:41:53,
LK3CKJ,4,4/4,59.63,18,32.2,2021-07-05,16:41:22,
6ATBFK,40,1/40,2:58.790,120,44.3,2021-07-03,22:42:04,
MBYIZX,42,10/42,2:21.900,91,43.97,2021-07-03,22:38:56,
AAPNOB,37,4/37,2:42,113,50.37,2021-07-03,22:35:51,
J4LJDY,41,4/41,2:46.660,92,38.88,2021-07-03,22:32:47,
FKBLDN,5,3/5,1:43.780,60,42.2,2021-07-03,18:57:38,
8N24XK,4,2/4,1:53.940,56,48.45,2021-07-03,17:58:09,
LFK30J,5,1/5,2:18.540,72,34.21,2021-07-03,17:55:59,
KBA761,5,2/5,2:13.470,75,39.11,2021-07-02,02:50:30,
UZ3YIK,5,2/5,1:42.820,51,42.6,2021-07-02,02:48:09,
8UAJ5I,4,3/4,2:20.440,75,44.43,2021-07-02,02:34:44,
J4K063,4,1/4,1:27.600,63,49.32,2021-07-02,02:32:19,
JRE0PH,5,1/5,2:21.300,94,45.86,2021-07-02,02:30:48,
5ERJRQ,3,1/3,2:10.810,75,38.07,2021-07-02,02:28:20,
N5C1SL,3,1/3,56.97,60,68.46,2021-07-02,02:25:55,
HI66AM,4,1/4,31.74,40,77.5,2021-07-02,02:24:50,
ONWR74,4,1/4,1:27.860,41,28.68,2021-07-02,02:24:12,
KZSV55,3,1/3,2:16.560,93,51.85,2021-07-02,02:22:38,
7TGLUR,6,3/6,2:10,79,47.08,2021-07-02,02:20:19,
DNM4AI,3,2/3,2:03.920,43,26.15,2021-07-02,02:18:00,
BCD2V1,4,2/4,2:19.440,61,31.84,2021-07-02,02:15:51,
Z2CGWI,2,2/2,1:35.290,53,39.04,2021-07-02,02:13:26,
35BFX3,4,3/4,17.59,0,3.41,2021-06-30,16:50:06,
RO6AYY,3,2/3,37.21,4,9.67,2021-06-30,16:49:29,
D9OB45,5,3/5,1:32.050,35,28.03,2021-06-30,16:48:48,
8BQ4L9,4,3/4,5.57,0,0.0,2021-06-30,16:46:53,
TOC88J,4,3/4,29.58,5,22.31,2021-06-30,16:45:25,
37DFFB,5,3/5,30.67,7,27.39,2021-06-30,16:44:47,
G3298I,5,2/5,1:56.590,52,41.68,2021-06-30,16:43:24,
DK64AY,5,3/5,2:07.020,45,29.76,2021-06-30,16:41:20,
A4M6ZV,6,2/6,2:01.130,65,37.15,2021-06-30,16:39:05,
EGZRY4,3,3/3,24.87,8,19.3,2021-06-30,13:45:25,
UVDVZG,4,3/4,1:55.340,62,46.82,2021-06-30,13:42:51,
FRY72W,4,3/4,43.36,9,13.84,2021-06-30,13:39:48,
50G0CX,5,2/5,2:35.680,86,43.55,2021-06-29,01:11:27,
LZ14EU,6,5/6,15.27,1,19.65,2021-06-29,01:08:47,
YJ20LN,4,3/4,1:23.830,41,47.24,2021-06-29,01:08:09,
LHNXBO,4,2/4,1:15.750,25,35.64,2021-06-29,01:05:55,
AMNH3I,4,3/4,51.04,24,41.14,2021-06-29,01:04:27,
FVS0WJ,4,1/4,30.05,34,89.85,2021-06-29,01:03:15,
LO2N1E,4,1/4,1:16.990,36,45.98,2021-06-29,01:02:39,
40U1C0,5,4/5,1:02.940,13,17.16,2021-06-29,01:01:18,
Q0DWUQ,3,3/3,2:19.840,71,36.9,2021-06-29,00:59:01,
15QM2H,5,1/5,1:04.470,45,50.26,2021-06-29,00:56:17,
JTB86C,5,3/5,1:19.450,24,31.72,2021-06-29,00:14:27,
LNA0I3,6,3/6,29.76,12,32.26,2021-06-29,00:12:49,
H7695Q,6,1/6,2:23.210,90,44.83,2021-06-28,01:15:37,
TP23AN,5,1/5,1:27.400,57,48.05,2021-06-28,01:13:10,
T95Q6B,5,2/5,2:21.900,55,29.6,2021-06-27,23:40:33,
R0YN0S,3,2/3,1:04.710,28,32.45,2021-06-27,23:38:04,
TY1PV2,4,1/4,1:34.230,70,63.67,2021-06-27,23:36:55,
DR95W5,4,2/4,2:22.360,67,35.82,2021-06-27,23:35:16,
L53M4Z,5,4/5,1:53.070,66,38.74,2021-06-27,23:32:33,
XSOSPP,5,3/5,1:53.150,36,30.76,2021-06-27,21:13:48,
1L9VTV,6,3/6,2:16.070,53,34.39,2021-06-27,21:11:30,
OW5E8B,6,3/6,2:45.100,85,39.98,2021-06-27,21:08:50,
4VLD92,4,3/4,1:52.690,38,28.22,2021-06-27,21:05:44,
QB2VJH,4,3/4,58.33,30,46.29,2021-06-27,21:03:24,
26QCVI,6,3/6,1:56.860,39,43.13,2021-06-27,21:01:00,
88RLJ3,6,3/6,2:17.030,67,32.4,2021-06-27,20:58:47,
Z8BDLR,5,3/5,1:52.470,44,28.81,2021-06-27,20:56:16,
O79BJB,7,1/7,2:37.490,88,37.72,2021-06-27,20:53:46,
ANIUG9,5,2/5,1:37.710,41,32.55,2021-06-27,20:51:04,
ADFYX1,3,1/3,1:15.160,56,52.69,2021-06-27,17:01:51,
42AH91,4,1/4,2:20.590,86,40.12,2021-06-27,17:00:26,
AMOSL7,5,2/5,1:13.390,48,51.51,2021-06-27,16:01:35,---
GN5V6M,5,4/5,22.76,3,15.82,2021-06-27,16:00:18,---
TJWFTX,4,2/4,1:48,78,54.44,2021-06-27,15:59:22,---
VNXR6V,5,3/5,2:05.530,65,37.76,2021-06-27,15:57:31,---
26U7ZC,40,24/40,1:08.590,36,38.49,2021-06-24,21:47:21,---
WE9PX5,6,2/6,1:23.470,49,39.54,2021-06-24,21:35:47,---
WHI3FF,5,1/5,1:45.870,62,46.47,2021-06-24,21:34:09,---
Y8DJZ6,5,1/5,2:08.990,91,47.45,2021-06-24,12:09:39,---
C9SHGM,5,3/5,48.22,37,48.53,2021-06-24,12:07:22,---
W2HLQQ,3,1/3,2:09.330,77,45.0,2021-06-24,12:06:28,---
7VSA65,6,2/6,2:04.100,75,38.68,2021-06-22,17:30:54,---
DMU90X,5,2/5,2:18.870,72,40.61,2021-06-22,17:28:46,---
72YXVT,5,1/5,1:23.150,64,64.22,2021-06-22,17:26:22,---
6P8Q64,5,3/5,2:24.740,71,38.97,2021-06-22,17:24:54,---
894SZK,6,2/6,2:06.400,79,45.09,2021-06-22,17:22:15,---
PIUKBE,6,2/6,1:42.280,63,47.52,2021-06-22,17:20:04,---
ORSU3U,6,3/6,1:52.640,68,42.61,2021-06-22,17:18:17,---
GA9BP8,6,3/6,50.03,11,19.19,2021-06-22,17:16:08,---
XZKBIC,4,4/4,32.37,7,12.97,2021-06-22,17:14:50,---
M4Q1TA,2,2/2,36.55,5,8.21,2021-06-22,17:12:39,---
PW6L4K,3,1/3,2:08.030,84,47.33,2021-06-21,21:30:22,---
TBCM8C,3,1/3,1:10.610,60,55.23,2021-06-21,21:28:11,---
FDHO6N,5,1/5,1:42.120,76,48.77,2021-06-21,21:26:51,---
JOH6VI,2,1/2,33.67,25,44.55,2021-06-21,21:25:02,---
XXSECD,4,2/4,1:17.090,52,50.59,2021-06-21,21:24:22,---
O6Z6S0,5,1/5,1:22.990,50,39.04,2021-06-21,21:23:01,---
4N3D3L,6,3/6,1:50,52,40.91,2021-06-21,21:21:32,---
FXFS2V,4,1/4,1:56.540,73,42.22,2021-06-21,21:18:33,---
5C6GBH,40,15/40,1:50.120,70,45.22,2021-06-21,18:15:29,---
ZVVSDE,37,6/37,2:42.960,96,45.29,2021-06-21,18:12:30,---
PD6B3H,5,3/5,1:54.150,69,44.68,2021-06-21,18:06:43,---
FFXPRE,6,3/6,1:11.340,26,40.37,2021-06-21,18:04:10,---
1DF6MA,4,2/4,2:21.570,73,50.01,2021-06-21,18:02:37,---
8DM7FO,5,3/5,1:46.180,36,33.9,2021-06-21,18:00:12,---
MWIH6H,5,3/5,1:19.190,60,47.73,2021-06-21,17:57:56,---
BX66JH,5,1/5,2:12,73,38.64,2021-06-21,17:55:41,---
JP5AFB,5,5/5,54.07,17,24.41,2021-06-21,17:53:26,---
BBCPEZ,6,2/6,1:58.300,66,40.57,2021-06-21,17:51:24,---
HHXL05,6,2/6,2:53.680,107,46.98,2021-06-21,16:12:50,---
AMY1J0,6,5/6,22.98,8,23.5,2021-06-20,22:21:51,---
PFB9IA,39,8/39,2:28.510,95,42.42,2021-06-19,17:27:35,---
VI7OQC,37,3/37,2:48.120,66,27.48,2021-06-19,17:24:30,---
12KCSB,37,1/37,3:00.120,125,45.3,2021-06-19,17:21:30,---
C7J2A3,37,3/37,2:54,88,36.21,2021-06-19,17:18:24,---
8TP6PK,4,3/4,1:03.900,49,56.34,2021-06-18,14:42:34,---
EKO6JJ,9,8/9,35.86,21,48.52,2020-02-23,12:57:57,---
RN5I2U,4,4/4,26.04,4,13.82,2021-06-17,12:59:36,---
ZHD0VV,6,5/6,30.8,11,23.38,2021-06-17,12:56:01,---
D8B2T6,5,5/5,25.64,0,0.0,2021-06-16,23:00:06,---
SQFFQD,5,3/5,1:15.770,35,35.63,2021-06-16,22:58:53,---
KOK25F,6,4/6,50.14,12,32.31,2021-06-16,22:56:39,---
EMVIBP,4,2/4,2:08.600,53,32.66,2021-06-16,22:54:33,---
4K8YPY,5,3/5,37.09,8,43.68,2021-06-16,22:52:20,---
2BFPJC,5,4/5,49.94,16,30.04,2021-06-16,22:51:28,---
RGAS06,5,3/5,1:42.280,47,29.92,2021-06-16,22:49:09,---
EIKB8M,5,4/5,1:12.520,28,32.27,2021-06-16,22:47:01,---
OOQCVF,6,6/6,36.42,7,18.12,2021-06-16,22:44:55,---
DUFVA9,6,2/6,2:17.080,92,45.96,2021-06-16,22:42:40,---
N7IQN8,4,1/4,1:59.910,96,54.04,2021-06-16,22:39:15,---
8G37LZ,4,2/4,1:09.770,51,49.02,2021-06-16,22:37:10,---
5AFSCC,5,2/5,1:28.080,44,42.23,2021-06-16,22:35:59,---
8TGOEE,5,4/5,38.29,23,36.04,2021-06-16,22:34:29,---
JBNWIL,4,3/4,37.17,9,16.14,2021-06-16,22:33:38,---
SXDVI7,5,4/5,46.2,22,35.06,2021-06-16,22:32:11,---
SDOPBR,5,4/5,20.49,20,61.49,2021-06-16,20:16:54,---
ZYXIS9,6,2/6,2:33.110,98,47.02,2021-06-16,20:15:57,---
GU1JI5,5,4/5,36.8,13,29.35,2021-06-16,20:13:09,---
81W0X7,4,1/4,1:46.730,65,43.85,2021-06-16,14:43:30,---
5KBMYZ,4,4/4,1:24.160,25,29.94,2021-06-16,14:41:36,---
HW3TC0,3,1/3,1:34.450,78,52.09,2021-06-16,14:39:20,---
H4ODLU,6,2/6,2:25.830,83,44.44,2021-06-16,14:37:33,---
BEZM2X,6,5/6,28.85,25,51.99,2021-06-16,14:35:03,---
0710HD,4,2/4,59.34,32,41.46,2021-06-16,14:33:12,---
4S6RMJ,5,3/5,2:20.170,63,35.1,2021-06-14,18:02:15,---
QHW4CK,6,1/6,2:27.530,87,44.33,2021-06-14,12:41:04,---
BFAEY8,6,1/6,2:09.880,83,45.73,2021-06-14,12:38:31,---
6AD6OQ,4,1/4,2:17.470,89,48.45,2021-06-14,12:36:17,---
6U7B0Q,3,2/3,1:42.530,41,46.23,2021-06-14,12:33:50,---
Y6DWDJ,5,2/5,2:11.330,55,30.61,2021-06-14,12:32:02,---
Y0DTQI,5,1/5,1:58.770,58,32.84,2021-06-14,12:29:47,---
XIS5GV,4,1/4,1:25.170,43,42.27,2021-06-14,03:31:11,---
LZFIAS,4,1/4,2:02.420,76,42.15,2021-06-14,03:29:42,---
2G9VCY,3,1/3,1:20.700,67,64.68,2021-06-14,03:27:31,---
DZWX2B,2,1/2,1:19.170,41,36.38,2021-06-14,03:26:04,---
Q4REAN,1,1/1,28.83,10,20.81,2021-06-14,03:24:42,---
HCKI8B,5,3/5,1:05.490,12,31.15,2021-06-14,03:23:49,---
2QLM0C,4,3/4,26.23,16,36.6,2021-06-14,03:22:07,---
33PO1V,5,2/5,1:42.770,67,44.37,2021-06-14,02:36:06,---
5WJUSL,6,5/6,31.58,5,26.6,2021-06-14,02:34:19,---
MV1UN8,6,5/6,1:45.310,25,22.79,2021-06-14,02:31:22,---
MA1FHE,6,1/6,2:08.840,73,37.26,2021-06-14,02:28:36,---
O1RYXQ,6,2/6,2:46.710,88,43.55,2021-06-14,02:26:23,---
LFXB01,38,1/38,2:58.820,53,23.82,2021-06-13,23:28:13,---
0MDB1U,38,2/38,2:58.380,92,34.31,2021-06-13,23:25:08,---
TDYE9G,42,6/42,2:33.840,103,44.46,2020-06-26,23:35:52,---
G6Y76D,40,10/40,2:20.890,115,54.08,2021-06-13,23:18:58,---
G8WVZZ,6,2/6,2:19.060,82,43.58,2021-06-13,22:43:01,---
DSRXB2,5,3/5,2:20.720,68,38.8,2021-06-13,22:40:36,---
OSOKQP,6,5/6,1:19.770,44,34.6,2021-06-13,22:38:08,---
6TV0EE,5,1/5,1:16.190,55,47.25,2021-06-13,22:35:41,---
LSZYJ5,6,4/6,24.19,3,12.4,2021-06-13,22:34:20,---
ZP3AVH,6,4/6,1:41.040,58,46.32,2021-06-13,22:32:13,---
48BRMQ,5,2/5,2:00.970,66,36.7,2021-06-13,22:29:48,---
XGUH5M,5,4/5,34.57,23,59.01,2021-06-13,22:27:43,---
MX1GHZ,3,1/3,1:16.150,39,40.18,2021-06-13,22:25:47,---
MVI3S5,41,8/41,2:09.400,63,37.09,2021-06-13,19:43:50,---
14K0GJ,38,12/38,2:17.580,75,38.38,2021-06-13,19:41:00,---
9OTEQ4,38,6/38,2:23.470,55,31.37,2021-06-13,19:37:52,---
DD2RFO,39,4/39,2:20.490,105,54.24,2021-06-13,19:34:47,---
92AXN8,3,2/3,1:20.630,36,36.46,2021-06-13,18:23:26,---
JMLQUH,3,3/3,6.51,0,0.0,2021-06-13,18:22:01,---
66ADQ3,3,3/3,14.84,1,4.04,2021-06-13,18:20:47,---
V60GMS,3,1/3,43.78,40,64.41,2021-06-13,18:20:19,---
XYYNW8,3,2/3,54.1,24,29.94,2021-06-13,18:19:31,---
3TZKOG,2,1/2,30.53,27,64.85,2021-06-13,18:18:33,---
PBSPW0,3,1/3,56.46,35,62.7,2021-06-13,18:17:59,---
ZN22S2,6,2/6,2:06.730,81,40.24,2021-06-13,15:11:22,---
YXR6EE,6,1/6,2:21.060,90,41.68,2021-06-13,15:09:11,---
IVS6M0,6,3/6,2:11.880,73,40.49,2021-06-13,14:19:31,---
BC7FWB,5,1/5,1:53.420,62,42.85,2021-06-13,14:16:05,---
Q6SG9N,4,1/4,2:20.360,79,42.32,2021-06-13,14:14:08,---
F1XHBG,2,1/2,1:34.900,42,28.45,2021-06-12,19:12:43,---
G6OXSC,6,2/6,1:55.120,71,44.82,2021-06-12,17:49:53,---
ZSN33W,5,4/5,1:27.480,26,26.75,2021-06-12,17:47:43,---
3BKJW0,4,2/4,2:56.610,94,38.05,2021-06-12,17:45:34,---
98FCBP,3,1/3,1:02.400,45,50.96,2021-06-12,17:42:30,---
RRXUMI,4,4/4,28.89,5,14.54,2021-06-12,17:41:25,---
E6AU51,3,3/3,1:51.230,32,22.66,2021-06-12,17:40:46,---
0YXNBD,4,1/4,2:27.090,79,37.53,2021-06-11,14:39:06,---
PW7661,4,3/4,2:27.380,68,37.05,2021-06-10,20:43:29,---
JNGV7V,6,1/6,2:17.540,107,53.66,2021-06-10,20:40:54,---
I3WCIU,5,1/5,2:11.410,76,45.66,2021-06-10,20:38:29,---
N8B3MP,6,1/6,2:23.300,78,38.52,2021-06-10,20:36:09,---
T4R3UL,5,3/5,2:08.310,52,34.14,2021-06-10,20:33:41,---
XASOBG,4,1/4,2:19.600,89,47.28,2021-06-10,19:33:19,---
11Y8LQ,2,1/2,10.85,21,116.13,2021-06-10,19:30:56,---
J5S1LR,5,1/5,2:07.320,80,48.07,2021-06-10,19:30:38,---
IA8QSF,5,2/5,1:09.910,34,36.05,2021-06-10,14:39:18,---
ASPAWK,6,1/6,1:48.650,70,40.31,2021-06-09,18:51:01,---
4NCQ8O,4,1/4,1:20.390,46,38.81,2021-06-09,18:49:08,---
R7WEVS,5,1/5,2:20.900,93,43.44,2021-06-09,17:01:09,---
YT8XXT,4,1/4,2:17.680,65,31.38,2021-06-08,09:46:34,---
7BDHIF,3,1/3,1:17.580,57,48.72,2021-06-08,09:44:08,---
WLUHS2,60,19/60,2:36.390,58,26.47,2021-06-08,08:24:03,---
WV0UM9,43,32/43,43.82,0,0.0,2021-06-07,18:11:04,---
WAXO7W,42,30/42,45.71,0,0.0,2021-06-07,18:08:06,---
OJVYDY,43,31/43,47.49,0,0.0,2021-06-07,18:05:00,---
JOJITN,39,34/39,37.88,0,0.0,2021-06-07,18:01:53,---
SFJ0AK,41,31/41,49.71,0,0.0,2021-06-07,17:58:46,---
4UM0LH,37,28/37,40.91,0,0.0,2021-06-07,17:55:40,---
XLNHHN,39,30/39,40.74,0,0.0,2021-06-07,17:49:25,---
H7EHTK,45,4/45,2:58.260,111,43.76,2021-06-07,17:46:19,---
55H23C,42,7/42,2:23.230,67,34.77,2021-06-07,17:43:12,---
4WZNJ4,43,34/43,41.44,0,0.0,2021-06-07,17:40:14,---
25CHK8,45,30/45,45.18,0,0.0,2021-06-07,17:37:27,---
N4DNFR,43,33/43,40.74,0,0.0,2021-06-07,17:34:20,---
0J7LDE,41,32/41,41.06,0,0.0,2021-06-07,17:28:37,---
UBAKXY,44,36/44,42.84,0,0.0,2021-06-07,17:25:54,---
HWUC9M,42,37/42,36.85,0,0.0,2021-06-07,17:22:54,---
ZE225V,42,32/42,46.1,0,0.0,2021-06-07,17:20:18,---
Q42KBX,38,30/38,38.36,0,0.0,2021-06-07,16:44:32,---
EXBEO9,43,33/43,41.58,0,0.0,2021-06-07,16:41:27,---
PQ921E,40,35/40,39.76,0,0.0,2021-06-07,16:38:20,---
33ZT5B,41,12/41,2:11.670,77,41.01,2021-06-07,16:35:40,---
44XMEP,44,38/44,39.26,0,0.0,2021-06-07,16:29:30,---
NMKL5D,41,2/41,3:00.950,104,37.47,2021-06-07,16:26:25,---
3JDTJV,41,5/41,2:39.150,85,39.21,2021-06-07,16:23:18,---
OYS3KP,40,7/40,2:47.180,86,36.97,2021-06-07,16:20:18,---
CFT3KP,40,34/40,47.27,0,0.0,2021-06-07,16:17:14,---
PNBKCN,38,2/38,2:57.780,89,33.41,2021-06-07,16:11:03,---
YKPLRW,33,3/33,2:55.940,76,33.42,2021-06-07,16:08:00,---
6QDYHN,37,1/37,3:02.140,51,25.69,2021-06-07,16:04:54,---
FVMICB,38,21/38,2:11.830,70,39.6,2021-06-07,16:01:46,---
FJFMDJ,5,3/5,2:08.340,58,31.79,2021-06-07,15:16:32,---
674CTJ,46,1/46,3:03.930,82,30.66,2021-06-07,12:15:54,---
ZH95UF,4,1/4,1:35.600,34,35.77,2021-06-07,08:43:58,---
C5PQW7,1,1/1,12.81,0,0.0,2021-06-06,16:46:41,---
67GIK6,3,2/3,1:25.460,56,55.46,2021-06-06,16:30:15,---
DJK4OP,4,2/4,2:21.160,50,28.48,2021-06-06,14:15:17,---
CEQVO1,4,2/4,1:53.390,53,39.16,2021-06-06,14:12:49,---
BK7YA5,5,2/5,2:09.140,54,28.81,2021-06-05,23:07:55,---
2K7BM8,4,1/4,37.63,40,79.72,2021-06-05,23:05:42,---
ZOJKQT,6,4/6,40.5,13,20.74,2021-06-05,23:05:00,---
XM553G,2,2/2,1:08.150,24,51.94,2021-06-05,22:53:34,---
388KTF,3,3/3,24.01,2,14.99,2021-06-05,22:52:21,---
662D0C,3,2/3,53.66,28,38.02,2021-06-05,22:51:36,---
SK9JHN,42,6/42,2:57.750,116,43.88,2021-06-04,23:25:04,---
U7AR1U,44,12/44,2:21.110,86,39.12,2021-01-16,08:05:55,---
Z16L5N,6,2/6,2:14.620,88,49.47,2021-06-04,21:09:30,---
INMDNO,6,5/6,31.99,10,37.51,2021-06-04,21:07:11,---
1A4YEB,5,2/5,1:24.100,51,46.37,2021-06-04,14:45:14,---
WAU64M,5,2/5,2:11.600,76,40.12,2021-06-04,13:07:29,---
MJP4PS,5,1/5,1:39.680,63,40.93,2021-06-04,05:18:54,---
SONKHZ,5,2/5,1:55.510,83,50.39,2021-06-04,05:17:08,---
7GYBJ8,5,3/5,1:35.460,47,37.08,2021-06-04,05:15:06,---
UDVT8T,3,1/3,52.15,55,65.58,2021-06-04,03:38:07,---
ZYGB75,5,2/5,2:05.610,76,45.86,2021-06-03,23:54:41,---
RLM2WT,6,4/6,44.58,30,49.8,2021-06-03,22:25:52,---
8AXDW3,5,4/5,25.92,4,16.2,2021-06-03,22:23:42,---
2JYRSJ,5,5/5,31.66,0,0.0,2021-06-03,22:22:44,---
Q43GRS,4,2/4,1:21.650,29,30.86,2021-06-03,22:21:36,---
PNJY7O,5,3/5,1:06.360,34,40.69,2021-06-03,22:20:11,---
Z6RM82,3,2/3,39.69,23,34.77,2021-06-03,22:18:47,---
Y3FQCT,5,5/5,21.52,2,25.09,2021-06-03,22:18:05,---
NH5EGN,5,4/5,1:15.060,35,35.97,2021-06-03,22:17:13,---
0JIQ82,5,2/5,1:13.650,50,46.44,2021-06-03,22:15:07,---
1A1UGE,3,2/3,32.33,17,35.26,2021-06-03,22:13:49,---
QUERPH,41,12/41,2:18.860,53,27.65,2021-06-03,22:11:04,---
7MC3ZS,37,10/37,2:15.180,85,41.72,2021-06-03,22:08:00,---
2WANDA,43,4/43,2:24.580,86,39.84,2021-06-03,22:04:58,---
VWEIHA,42,2/42,2:59.930,90,34.68,2021-06-03,16:53:40,---
L43IM4,42,1/42,3:01.730,112,41.6,2021-06-03,16:50:34,---
B5CFLV,37,1/37,2:56.590,105,42.13,2021-06-03,16:47:27,---
Q9IA5B,41,7/41,2:39.730,83,34.93,2021-06-03,16:44:24,---
LQS7ZT,43,19/43,2:07.860,81,41.76,2021-06-03,16:41:19,---
H3AORT,5,1/5,2:02.360,69,44.62,2021-06-03,02:54:04,---
B42ZQI,4,2/4,1:51.360,48,44.18,2021-06-03,02:51:58,---
NNH52J,3,2/3,2:08.260,61,38.83,2021-06-02,17:21:26,---
HJVVCO,43,2/43,3:01.010,109,39.11,2021-06-02,13:38:54,---
HYI2OU,44,1/44,2:59.700,97,35.06,2021-06-02,13:35:47,---
FJH5R8,44,4/44,3:00.470,116,40.89,2021-06-02,13:29:31,---
L1QEGQ,6,2/6,45.85,28,43.18,2021-06-02,13:24:14,---
XXVIDM,8,6/8,1:18.730,47,41.15,2020-11-18,23:18:10,---
WL74C6,5,4/5,48.44,25,42.11,2021-06-02,13:20:41,---
UGW9X5,6,2/6,1:40.350,46,36.47,2021-06-02,13:19:18,---
XLVJB2,4,4/4,57.75,39,50.91,2021-06-02,13:17:34,---
NF10I4,6,3/6,1:20.490,44,38.76,2021-06-02,13:04:38,---
K0PM88,6,4/6,29.92,16,34.09,2021-06-02,13:02:54,---
6FQY5E,6,6/6,32.23,14,27.92,2021-06-02,13:01:35,---
XON8R9,6,4/6,55.58,15,49.66,2021-06-02,12:59:44,---
VZER4Q,5,1/5,2:19.220,64,36.2,2020-01-11,01:20:34,---
ZPLCA2,4,2/4,2:01.650,59,36.99,2021-05-30,04:14:56,---
1J1VW4,4,2/4,1:28.350,40,37.35,2021-05-30,04:12:50,---
JH6GGH,5,2/5,2:22.830,76,43.27,2020-10-13,14:49:25,---
JFXHM7,6,3/6,26.99,39,88.92,2020-01-22,03:56:50,---
XFG1L2,5,2/5,2:42.290,88,41.04,2021-05-30,04:08:20,---
1A8BNX,5,4/5,31.56,1,3.8,2021-05-30,04:05:32,---
0MHMVJ,4,2/4,2:15.060,64,34.65,2021-05-30,04:03:03,---
SWCYHY,6,3/6,2:19.760,89,45.94,2021-05-30,04:00:44,---
87T744,4,2/4,51.94,38,55.45,2021-05-30,00:48:43,---
4VX2VU,4,2/4,51.88,34,53.2,2021-05-30,00:47:46,---
U5LS3K,4,2/4,1:32.770,70,53.03,2021-05-30,00:46:48,---
6B6ZNT,5,4/5,45.64,19,32.87,2021-05-30,00:45:10,---
RIID0J,5,4/5,27.38,9,19.72,2021-05-30,00:43:42,---
QETX78,6,2/6,2:04.650,67,45.25,2021-05-30,00:42:47,---
1FFLYY,4,4/4,22.32,22,69.89,2021-05-30,00:40:38,---
CZDZK2,5,2/5,54.39,45,51.85,2021-05-30,00:38:55,---
RX5087,5,1/5,2:35.200,93,50.26,2021-05-29,21:24:10,---
DX1LG4,6,2/6,1:53.350,43,35.47,2021-05-29,21:21:31,---
48ZCKF,6,3/6,1:25.490,31,28.07,2021-05-29,21:19:29,---
9LROJI,6,2/6,2:00.650,64,41.28,2021-05-29,21:16:44,---
ET7RIJ,5,3/5,2:14.710,61,32.51,2021-05-29,21:14:37,---
22JGN9,4,2/4,2:27.410,68,40.3,2021-05-29,21:11:32,---
WBXZU6,5,5/5,21.38,3,11.23,2021-05-29,17:52:47,---
YTPR0C,6,2/6,2:18.790,70,38.48,2021-05-29,17:50:45,---
CQZN0N,5,4/5,22.51,20,53.31,2021-05-29,17:48:23,---
JESOIN,6,4/6,40.73,10,38.3,2021-05-29,17:47:04,---
XTV6GI,6,5/6,22.97,0,5.22,2021-05-29,17:45:31,---
R8N4E6,5,3/5,2:00.030,55,36.99,2021-05-29,17:44:16,---
0M8FLP,5,4/5,26.68,10,33.73,2021-05-29,17:42:04,---
M64QLS,6,5/6,16.03,0,0.0,2021-05-29,17:41:04,---
6SKLOX,4,1/4,2:06.450,87,55.52,2021-05-29,15:47:56,---
MDGG3Y,5,3/5,1:03.880,28,35.69,2021-05-29,15:45:46,---
LFOWB8,5,1/5,2:21.340,70,36.93,2021-05-28,17:10:43,---
SXMO5Y,3,2/3,1:10.840,46,44.04,2021-05-28,17:08:16,---
XPM0D4,6,3/6,2:11.540,66,49.72,2021-05-28,17:07:01,---
SKWFKR,5,2/5,1:03.770,47,47.98,2021-05-28,17:04:45,---
C9I9UP,5,3/5,2:17.390,77,38.87,2021-05-28,17:03:34,---
P34NTZ,6,3/6,2:14.570,59,39.24,2021-05-28,17:01:05,---
8WZSJN,38,1/38,2:59.230,136,51.55,2021-05-28,13:15:15,---
WKCV0R,38,3/38,2:55.010,126,49.71,2021-05-28,13:12:10,---
8JLPTM,3,1/3,33.83,14,31.92,2021-05-26,23:33:39,---
KNNJZT,9,1/9,2:09.460,92,47.74,2019-08-09,01:42:19,---
6RV1UD,5,5/5,19.57,6,18.4,2021-05-26,23:24:16,---
D3MKQQ,6,4/6,1:11,46,56.62,2021-05-26,23:23:15,---
H7VFFP,5,3/5,1:52.460,78,43.22,2021-05-26,23:21:35,---
4UK001,6,3/6,1:53.630,49,31.68,2021-05-26,23:19:17,---
GLV864,6,4/6,1:02.290,11,31.79,2021-05-26,23:17:14,---
GI36UQ,5,3/5,1:12.720,64,66.01,2021-05-26,21:25:07,---
CC93OT,5,2/5,1:32.290,49,39.66,2021-05-26,21:23:37,---
YXAKBM,4,2/4,1:12.390,41,49.73,2021-05-26,21:21:59,---
4GU5MX,4,4/4,1:23.150,16,19.48,2021-05-26,19:59:08,---
T35E9G,5,2/5,1:31.360,63,47.29,2021-05-26,18:36:23,---
QIUB6C,5,2/5,1:17.440,36,37.96,2021-05-26,18:03:19,---
PN7MHN,3,1/3,2:16.380,82,39.16,2021-05-26,18:01:57,---
ILQLZL,4,3/4,1:12.100,27,27.46,2021-05-26,17:59:30,---
VS0XD7,3,2/3,55.58,31,38.86,2021-05-26,17:30:43,---
74DOKW,38,1/38,2:59.570,82,32.74,2021-05-26,14:37:20,---
JV76E2,42,2/42,2:43.990,72,35.12,2021-05-26,14:34:15,---
ZDDG1S,6,4/6,45.01,18,23.99,2021-05-26,04:14:33,---
5IZ0TT,36,1/36,2:41.900,101,44.47,2021-05-26,03:17:20,---
N48VR8,41,9/41,2:22.610,57,31.13,2021-05-26,03:14:32,---
ZT1TE3,5,2/5,2:22.330,85,43.84,2021-05-25,18:06:18,---
R9Q3SR,6,2/6,2:31.060,87,45.28,2021-05-25,18:03:51,---
MTKDXY,5,2/5,2:18.710,70,35.04,2021-05-25,18:01:13,---
LL1VHB,6,2/6,2:21.320,77,37.79,2021-05-25,17:58:47,---
GTGC38,6,2/6,1:27.830,43,40.99,2021-05-24,02:06:32,---
NPDFE8,5,3/5,32.32,24,46.41,2021-05-24,02:04:59,---
5N1SX0,4,2/4,1:12.260,32,32.38,2021-05-24,02:03:17,---
AB9RA9,4,1/4,1:14.110,51,46.15,2021-05-24,02:01:54,---
ODH9X0,4,2/4,1:27.710,47,36.94,2021-05-24,02:00:36,---
ZSQEJ5,5,1/5,1:57.010,96,53.84,2021-05-24,01:58:52,---
9SYZC1,5,1/5,1:39.020,44,29.09,2021-05-24,01:56:49,---
X0AEFE,6,2/6,2:22.830,54,41.59,2021-05-24,01:55:04,---
9JOWHL,39,2/39,3:04.200,73,30.29,2021-05-24,00:28:55,---
F4SBWV,38,8/38,2:42.020,79,35.55,2021-05-24,00:25:45,---
JWP2VO,43,8/43,2:30.770,95,47.75,2021-05-24,00:22:37,---
QH1YAF,2,1/2,1:19.190,45,37.88,2021-05-23,04:59:58,---
DFH4EL,5,3/5,1:48.490,57,35.39,2021-05-23,04:58:25,---
4WGY0O,6,3/6,2:12.430,79,40.78,2021-05-23,04:56:09,---
DROJRI,5,1/5,2:15.610,63,33.63,2021-05-23,04:53:02,---
5GOS52,5,3/5,45.67,32,45.98,2021-05-23,04:50:42,---
YQU1NQ,4,3/4,50.31,6,14.31,2021-05-23,04:49:06,---
Y192TJ,4,3/4,2:19.380,67,36.16,2021-05-23,04:47:34,---
EXMCM8,5,2/5,2:59.820,77,35.04,2021-05-23,04:44:27,---
AVEHD8,5,3/5,2:03.210,67,39.93,2021-05-23,04:41:10,---
2M2JM4,4,3/4,1:05.810,21,22.79,2021-05-23,04:38:47,---
G3FLNX,5,2/5,1:30.630,42,33.1,2021-05-23,04:36:53,---
ND5WZS,4,3/4,28.32,2,10.59,2021-05-23,04:35:18,---
PZZ9SU,4,2/4,52.5,26,44.57,2021-05-23,04:33:33,---
VEHX4L,5,4/5,35.01,19,44.56,2021-05-22,19:23:02,---
4Q4ACT,6,3/6,1:14.280,25,26.66,2021-05-22,19:21:06,---
DYEYLJ,5,2/5,2:17.530,55,37.52,2021-05-22,19:19:09,---
QLKVTD,3,2/3,2:27.030,67,43.26,2021-05-22,19:16:48,---
MQZO24,40,8/40,2:28.530,62,29.09,2021-05-22,18:15:16,---
S5YHZP,3,1/3,2:10.180,79,42.86,2021-05-20,09:54:40,---
3FODO8,3,1/3,1:18.760,45,36.57,2021-05-20,09:52:13,---
CZX21H,3,2/3,1:13.910,26,37.34,2021-05-20,07:58:12,---
RBKE6S,37,7/37,2:37.600,55,28.55,2021-05-20,04:12:05,---
JNG0BE,41,6/41,2:26.750,63,31.07,2021-05-20,04:09:00,---
H1WEK5,43,2/43,2:55.760,126,49.16,2021-05-20,04:05:58,---
G1U5NC,40,1/40,3:03.110,83,32.77,2021-05-20,04:02:56,---
RX7VBE,40,10/40,2:20.600,74,37.13,2021-05-20,03:59:47,---
87VZKT,50,5/50,2:23.050,78,39.43,2020-08-07,08:43:56,---
TQMR60,49,10/49,2:29.100,88,41.45,2021-05-20,03:53:40,---
3RZ3NP,6,2/6,1:09.450,35,36.29,2021-05-20,03:48:13,---
XE78LA,5,4/5,31.61,11,30.37,2021-05-20,03:46:59,---
RE2I7V,5,1/5,2:54.080,72,27.57,2021-05-19,23:29:35,---
O5RM5Y,5,1/5,1:29.490,54,41.57,2021-05-19,23:26:36,---
E9PSH9,6,1/6,2:55.150,82,32.54,2021-05-19,23:25:02,---
YW988V,6,1/6,2:47.010,87,37.0,2021-05-19,23:21:57,---
WZWEY5,5,2/5,2:14.230,67,38.89,2021-05-19,23:19:06,---
ON2XUQ,3,2/3,23.62,7,45.72,2021-05-19,21:51:01,---
9FNJZR,5,1/5,1:52.590,97,53.82,2021-05-19,21:43:24,---
RVTEX8,6,3/6,2:09.620,42,26.38,2021-05-19,21:41:22,---
NPPW1Y,6,3/6,2:18.610,62,32.47,2021-05-19,21:38:54,---
79ML2A,6,1/6,2:09.810,105,56.39,2021-05-19,19:22:25,---
VFYV13,4,2/4,2:53.860,60,29.33,2021-05-19,19:20:06,---
76P09R,4,2/4,1:36.380,32,24.28,2021-05-19,19:00:51,---
JOG3OF,4,4/4,33.33,15,36.0,2021-05-19,18:28:07,---
KK21DK,5,2/5,1:42.390,50,41.61,2021-05-19,18:27:09,---
WPQ605,5,1/5,2:27.870,101,49.5,2021-05-19,18:25:09,---
FQPTZV,3,1/3,2:49.900,79,33.55,2021-05-17,17:57:34,---
GZMT07,3,2/3,1:25.440,41,35.11,2021-05-17,17:54:40,---
G2IVGQ,4,1/4,1:57.370,48,31.18,2021-05-17,17:53:10,---
QPXPRJ,5,4/5,41.75,13,24.43,2021-05-17,16:12:03,---
87YNXV,4,1/4,52.58,38,59.34,2021-05-17,14:57:59,---
JEYNW3,6,1/6,1:06.830,48,50.28,2021-05-17,14:56:57,---
0BDBFI,3,1/3,1:46.050,45,43.56,2021-05-16,20:14:35,---
3V79P8,5,2/5,1:47.490,64,48.0,2021-05-16,04:25:27,---
1XC9KF,3,1/3,1:24.650,80,60.96,2021-05-16,04:23:29,---
6OCJGQ,5,1/5,2:06.410,99,55.53,2021-05-16,04:22:00,---
SG00YX,5,1/5,1:16.480,50,43.15,2021-05-16,04:19:42,---
TZQ4ZW,5,3/5,34.45,9,15.67,2021-05-16,04:18:21,---
VR4ED1,4,1/4,1:25.590,56,42.76,2021-05-16,04:17:14,---
QT1TEV,5,2/5,2:14.770,72,42.74,2021-05-16,04:15:41,---
BVOAE4,4,1/4,2:15.750,69,35.8,2021-05-16,04:13:21,---
3QQ5N9,6,4/6,1:17.980,39,39.24,2021-05-14,17:25:56,---
0E1VMC,5,2/5,2:19.490,104,53.34,2021-05-14,17:00:46,---
QBTXWJ,6,2/6,2:12.060,50,27.71,2021-05-14,14:45:40,---
8FPMCV,5,1/5,2:23.680,69,33.41,2021-05-14,14:43:21,---
OQP7UU,6,4/6,1:31.190,36,32.9,2021-05-14,14:40:46,---
1YPSHJ,5,1/5,2:20.590,59,30.3,2021-05-14,00:02:10,---
TKSXQA,6,2/6,2:22.480,87,42.95,2021-05-13,23:59:44,---
KEC81T,7,3/7,1:57.220,71,39.92,2021-05-13,23:57:18,---
FCF99M,6,4/6,1:27.680,24,21.9,2021-05-13,23:54:23,---
38Y6UB,6,6/6,38.05,11,28.38,2021-05-13,23:52:13,---
I60Y0A,6,2/6,2:15.330,90,46.55,2021-05-13,23:50:53,---
IBXSIL,5,4/5,28.09,9,19.22,2021-05-13,22:13:48,---
WZT6K2,4,4/4,35.63,24,43.78,2021-05-13,16:37:27,---
OT4W5H,5,2/5,1:37.250,41,42.57,2021-05-13,00:47:02,---
8IMXK5,39,5/39,2:42.020,56,27.4,2021-05-12,18:36:24,---
C4MQGM,3,1/3,2:53.820,69,31.76,2021-05-12,17:39:22,---
95I8TV,6,4/6,46.01,24,50.86,2021-05-12,17:36:22,---
AHDGJO,6,3/6,1:25.280,45,33.77,2021-05-12,17:34:01,---
YIHLMI,6,5/6,1:04.450,33,43.75,2021-05-11,18:30:43,---
DJ4WCH,6,4/6,1:19.740,27,32.36,2021-05-11,18:29:01,---
MPIVSP,5,2/5,1:12.290,42,40.67,2021-05-11,16:29:19,---
7ZV95W,4,2/4,1:52.570,69,47.44,2021-05-11,01:06:22,---
VP7I4H,6,2/6,1:08.760,34,44.5,2021-05-11,01:04:24,---
VODOJB,6,4/6,35.96,23,38.38,2021-05-11,01:03:11,---
NB00YZ,2,2/2,28.16,15,36.22,2021-05-09,22:58:47,---
QVYQCL,3,1/3,52.41,48,54.95,2021-05-09,22:58:13,---
83PQ4Y,5,3/5,1:03.260,39,51.22,2021-05-09,15:11:40,---
51D4MS,6,4/6,53.36,17,29.24,2021-05-09,15:10:23,---
I9PU75,6,5/6,32.85,24,52.97,2021-05-09,15:07:52,---
M8TDRL,6,4/6,1:09.540,26,37.1,2021-05-09,15:06:13,---
85JJ7A,3,2/3,1:42.820,52,37.93,2021-05-09,04:53:24,---
PFE2BT,6,2/6,2:24.620,85,47.3,2021-05-09,04:51:34,---
77PDLF,6,3/6,1:46.190,49,45.77,2021-05-09,04:48:50,---
C48HPK,5,1/5,1:37.090,72,52.53,2021-05-09,04:46:40,---
202ERQ,41,5/41,2:26.420,64,30.73,2021-05-09,03:11:53,---
BPZ1JY,39,12/39,2:08.230,66,39.77,2021-05-09,03:09:05,---
6HHM70,2,1/2,1.99,0,0.0,2021-05-09,03:03:55,---
Q0AYQ8,2,2/2,1:07.570,19,23.09,2021-05-09,03:03:48,---
6A5C81,3,2/3,43.08,20,33.43,2021-05-09,03:02:37,---
6AP7WM,4,2/4,37.42,16,36.88,2021-05-09,03:01:48,---
K34OGM,5,4/5,1:04.540,26,29.75,2021-05-09,03:01:07,---
W3N031,4,4/4,31.08,14,30.89,2021-05-09,02:59:36,---
GHXBKZ,3,1/3,1:11.400,32,42.02,2021-05-09,02:58:50,---
VWOH6U,7,4/7,2:21.880,60,40.17,2020-05-09,23:17:47,---
GH1G10,5,4/5,24.49,0,0.0,2021-05-09,02:42:43,---
2Z5HT0,5,4/5,52.17,24,34.5,2021-05-09,02:41:01,---
TNX7DW,5,5/5,32.57,15,31.32,2021-05-09,02:38:32,---
NJRDSW,4,3/4,1:28.170,32,25.18,2021-05-08,22:33:05,---
9S3QP3,7,3/7,2:15.500,73,37.2,2021-05-08,22:30:51,---
HHT1HZ,7,2/7,1:58.310,76,46.15,2021-05-08,22:28:26,---
Z3QQOI,37,1/37,3:00.500,82,31.91,2021-05-07,01:28:25,---
WYT37W,37,11/37,2:22.650,69,31.55,2021-05-05,23:43:07,---
E10BIL,37,3/37,2:55.220,68,29.79,2021-05-05,18:55:43,---
BPEY2F,38,1/38,3:00.020,86,37.0,2021-05-05,18:52:39,---
Y62TJD,38,3/38,3:00.430,92,36.58,2021-05-05,18:49:34,---
QMUJMN,38,1/38,3:00.850,108,40.81,2021-05-05,18:46:27,---
B344FS,32,21/32,1:17.580,20,19.33,2021-05-05,18:43:20,---
61P1OO,34,1/34,3:01.520,77,28.43,2021-05-05,18:40:14,---
4KG7JW,6,2/6,2:41.390,89,42.75,2021-05-05,05:18:48,---
7R33LD,5,1/5,1:57.950,83,50.36,2021-05-05,05:15:56,---
MQVHIK,2,1/2,1:10.270,42,53.79,2021-05-05,05:13:50,---
K6NMMP,6,2/6,2:15.480,73,41.63,2021-05-04,17:26:25,---
Z2J1MP,6,5/6,32.78,12,34.78,2021-05-04,17:24:05,---
I0YSKB,6,1/6,1:53.590,87,48.6,2021-05-04,17:17:47,---
VLDL7Y,5,3/5,33.84,12,33.69,2021-05-04,17:15:45,---
DNZF8T,4,1/4,44.87,42,61.51,2021-05-04,17:14:45,---
EPRHKP,48,2/48,3:02.710,94,38.42,2021-05-04,17:10:44,---
9GM6RB,40,3/40,2:54.890,90,40.83,2021-05-04,17:04:32,---
AJPE27,3,2/3,2:00.870,56,35.24,2021-05-04,16:43:37,---
4HO7SZ,4,3/4,40.37,20,37.16,2021-05-03,23:12:02,---
QRLMKZ,9,7/9,51.73,43,63.79,2020-07-18,03:58:09,---
1VHDH1,6,3/6,34.98,22,37.74,2021-05-03,23:09:11,---
Z2LHJF,6,4/6,44.77,24,38.87,2021-05-03,23:06:52,---
8U846X,6,5/6,35.66,22,48.79,2021-05-03,23:05:31,---
VN71NF,5,1/5,1:40.560,48,41.77,2021-05-03,23:03:06,---
EJWGHQ,6,4/6,1:06.490,28,32.49,2021-05-03,23:01:21,---
SITSC5,38,3/38,2:50.460,97,36.61,2021-05-03,22:20:50,---
YPUAT7,38,1/38,2:57.860,114,43.18,2021-05-03,22:17:44,---
7Q0Q09,39,9/39,2:56.900,54,22.39,2021-05-03,22:14:41,---
WRB9IZ,33,5/33,2:53.590,98,35.6,2021-05-03,22:11:33,---
ZVCE9N,5,1/5,1:39.170,56,41.14,2021-05-03,21:54:28,---
49JBVV,44,3/44,2:59.430,120,45.14,2021-05-03,21:34:09,---
A32NJQ,41,6/41,2:55.700,89,34.15,2021-05-03,21:30:59,---
Y4DY32,5,2/5,2:07.840,55,33.32,2021-05-03,04:29:01,---
18IEQB,4,2/4,1:48.020,77,52.21,2021-05-03,04:26:45,---
VGQ8Q0,4,2/4,34.91,21,36.09,2021-05-03,04:24:50,---
MYGMN9,5,4/5,1:42.980,34,27.97,2021-05-03,04:24:06,---
QM8JPP,5,3/5,1:08.480,57,50.82,2021-05-03,04:21:34,---
KZWI6V,3,3/3,26.32,0,0.0,2021-05-03,04:19:15,---
XDI597,5,1/5,56.11,45,66.3,2021-05-03,01:06:24,---
G1RPPZ,5,3/5,1:07.240,42,54.43,2021-05-03,01:05:24,---
6IGOPY,5,4/5,2:01.040,53,39.66,2021-05-03,01:04:00,---
ZLNRTC,5,2/5,1:03.680,51,59.36,2021-05-03,01:01:31,---
JJE4LV,5,3/5,51.74,21,35.95,2021-05-03,01:00:23,---
UCFLWG,5,2/5,2:17.840,78,41.79,2021-05-02,19:44:16,---
0G5BZ7,5,2/5,1:47.810,44,30.05,2021-05-02,19:41:49,---
46BVPA,5,2/5,2:06.990,95,50.08,2021-05-02,19:15:03,---
FCEQK9,5,2/5,2:08.490,68,44.83,2021-05-02,19:12:51,---
RRXKF0,6,4/6,48.85,15,23.34,2021-05-02,19:10:39,---
5D6K4M,5,4/5,37.13,10,17.78,2021-05-02,19:08:15,---
VILF4J,6,4/6,1:07.370,36,40.08,2021-05-02,19:05:44,---
1NEGG1,5,4/5,1:20.400,35,28.36,2021-05-02,19:03:16,---
JFDEHL,3,2/3,1:18.990,44,46.33,2021-05-02,19:01:05,---
ORD4VP,4,1/4,1:34.380,68,51.49,2021-05-02,18:59:39,---
M3YCRP,2,1/2,24.83,23,55.58,2021-05-02,18:58:00,---
H4618V,4,3/4,1:00.730,44,49.4,2021-05-02,18:57:17,---
PCQO5H,5,1/5,1:16.760,64,54.72,2021-05-02,18:55:04,---
CSCHQW,5,1/5,39.52,57,88.06,2021-05-02,18:53:41,---
VT92VN,36,5/36,2:44.340,118,46.73,2021-05-01,19:35:17,---
KI01S2,3,2/3,2:08.940,76,48.39,2021-05-01,19:17:32,---
CWJO5Y,3,1/3,45.7,38,53.83,2021-05-01,19:15:18,---
648NKX,5,2/5,2:16.470,89,46.16,2021-05-01,19:14:28,---
IP79XI,4,2/4,1:23.320,28,25.92,2021-04-30,15:57:35,---
JZPWY1,5,1/5,1:09.190,59,55.5,2021-04-30,15:56:06,---
X01BIS,4,3/4,1:23.710,42,41.57,2021-04-30,15:54:55,---
FX9B1S,4,3/4,1:32.960,21,32.92,2021-04-30,15:19:55,---
NNAEV6,4,1/4,2:11.510,76,44.71,2021-04-30,15:17:27,---
Y4AVUS,6,2/6,2:19.150,93,48.29,2021-04-30,15:15:11,---
8G8ZPN,4,1/4,2:40.620,107,43.71,2021-04-30,14:37:18,---
XM9UX5,6,1/6,2:21.020,77,44.25,2021-04-30,14:34:34,---
HHJPPV,5,2/5,2:05.220,57,34.98,2021-04-30,14:32:08,---
PA9U27,6,2/6,1:32.510,52,47.35,2021-04-30,14:29:58,---
YZJR02,5,2/5,2:14.750,69,36.07,2021-04-30,14:28:23,---
FCCXX8,6,2/6,1:54.490,85,58.17,2021-04-30,14:26:00,---
G7AV1Q,5,1/5,2:16.480,75,35.17,2021-04-30,14:24:02,---
FFKLYV,6,2/6,1:56.810,54,36.47,2021-04-30,14:21:40,---
CY62A1,3,1/3,27.33,22,52.69,2021-04-30,14:19:40,---
7SD7H9,6,2/6,1:29.320,37,34.93,2021-04-30,14:05:44,---
X9IRN5,4,2/4,1:59.140,100,60.43,2021-04-30,14:04:08,---
XGMIVZ,5,1/5,2:03.660,96,58.71,2021-04-30,04:37:32,---
MJEC3V,6,2/6,1:59.570,53,36.63,2021-04-30,00:24:47,---
RN64FA,5,1/5,53.68,31,49.18,2021-07-07,16:58:51,---
149JUZ,5,2/5,47.73,23,32.68,2021-04-30,00:14:08,---
BRTTQ5,5,5/5,20.82,6,0.0,2021-04-29,22:22:43,---
UJ9M7I,6,4/6,1:39.570,48,31.33,2021-04-29,22:21:30,---
TTEPQ2,6,2/6,2:10.350,53,30.38,2021-04-29,22:16:44,---
U7N903,4,1/4,2:17.450,82,41.47,2021-04-29,22:14:28,---
BWVSUO,3,3/3,37.85,20,34.87,2021-04-29,22:12:07,---
N8WDLF,4,2/4,1:24.550,55,47.55,2021-04-29,20:00:58,---
LLKQCH,4,3/4,27.54,13,34.86,2021-04-29,19:59:31,---
LYHGUV,41,1/41,3:02.120,109,41.51,2021-01-25,23:10:16,---
7NH98S,38,16/38,2:12.400,51,26.74,2021-04-29,17:23:13,---
KL6HRZ,40,6/40,2:32.190,98,44.55,2021-04-29,17:20:08,---
M8TDRL,6,4/6,1:09.540,26,37.1,2021-05-09,15:06:13,---
85JJ7A,3,2/3,1:42.820,52,37.93,2021-05-09,04:53:24,---
PFE2BT,6,2/6,2:24.620,85,47.3,2021-05-09,04:51:34,---
77PDLF,6,3/6,1:46.190,49,45.77,2021-05-09,04:48:50,---
C48HPK,5,1/5,1:37.090,72,52.53,2021-05-09,04:46:40,---
202ERQ,41,5/41,2:26.420,64,30.73,2021-05-09,03:11:53,---
BPZ1JY,39,12/39,2:08.230,66,39.77,2021-05-09,03:09:05,---
6HHM70,2,1/2,1.99,0,0.0,2021-05-09,03:03:55,---
Q0AYQ8,2,2/2,1:07.570,19,23.09,2021-05-09,03:03:48,---
6A5C81,3,2/3,43.08,20,33.43,2021-05-09,03:02:37,---
6AP7WM,4,2/4,37.42,16,36.88,2021-05-09,03:01:48,---
K34OGM,5,4/5,1:04.540,26,29.75,2021-05-09,03:01:07,---
W3N031,4,4/4,31.08,14,30.89,2021-05-09,02:59:36,---
GHXBKZ,3,1/3,1:11.400,32,42.02,2021-05-09,02:58:50,---
VWOH6U,5,2/5,2:21.880,60,40.17,2020-05-09,23:17:47,---
GH1G10,5,4/5,24.49,0,0.0,2021-05-09,02:42:43,---
2Z5HT0,5,4/5,52.17,24,34.5,2021-05-09,02:41:01,---
TNX7DW,5,5/5,32.57,15,31.32,2021-05-09,02:38:32,---
NJRDSW,4,3/4,1:28.170,32,25.18,2021-05-08,22:33:05,---
9S3QP3,7,3/7,2:15.500,73,37.2,2021-05-08,22:30:51,---
HHT1HZ,7,2/7,1:58.310,76,46.15,2021-05-08,22:28:26,---
Z3QQOI,37,1/37,3:00.500,82,31.91,2021-05-07,01:28:25,---
WYT37W,37,11/37,2:22.650,69,31.55,2021-05-05,23:43:07,---
E10BIL,37,3/37,2:55.220,68,29.79,2021-05-05,18:55:43,---
BPEY2F,38,1/38,3:00.020,86,37.0,2021-05-05,18:52:39,---
Y62TJD,38,3/38,3:00.430,92,36.58,2021-05-05,18:49:34,---
QMUJMN,38,1/38,3:00.850,108,40.81,2021-05-05,18:46:27,---
B344FS,32,21/32,1:17.580,20,19.33,2021-05-05,18:43:20,---
61P1OO,34,1/34,3:01.520,77,28.43,2021-05-05,18:40:14,---
4KG7JW,6,2/6,2:41.390,89,42.75,2021-05-05,05:18:48,---
7R33LD,5,1/5,1:57.950,83,50.36,2021-05-05,05:15:56,---
MQVHIK,2,1/2,1:10.270,42,53.79,2021-05-05,05:13:50,---
K6NMMP,6,2/6,2:15.480,73,41.63,2021-05-04,17:26:25,---
Z2J1MP,6,5/6,32.78,12,34.78,2021-05-04,17:24:05,---
I0YSKB,6,1/6,1:53.590,87,48.6,2021-05-04,17:17:47,---
VLDL7Y,5,3/5,33.84,12,33.69,2021-05-04,17:15:45,---
DNZF8T,4,1/4,44.87,42,61.51,2021-05-04,17:14:45,---
EPRHKP,48,2/48,3:02.710,94,38.42,2021-05-04,17:10:44,---
9GM6RB,40,3/40,2:54.890,90,40.83,2021-05-04,17:04:32,---
AJPE27,3,2/3,2:00.870,56,35.24,2021-05-04,16:43:37,---
4HO7SZ,4,3/4,40.37,20,37.16,2021-05-03,23:12:02,---
QRLMKZ,5,3/5,51.73,43,63.79,2020-07-18,03:58:09,---
1VHDH1,6,3/6,34.98,22,37.74,2021-05-03,23:09:11,---
Z2LHJF,6,4/6,44.77,24,38.87,2021-05-03,23:06:52,---
8U846X,6,5/6,35.66,22,48.79,2021-05-03,23:05:31,---
VN71NF,5,1/5,1:40.560,48,41.77,2021-05-03,23:03:06,---
EJWGHQ,6,4/6,1:06.490,28,32.49,2021-05-03,23:01:21,---
SITSC5,38,3/38,2:50.460,97,36.61,2021-05-03,22:20:50,---
YPUAT7,38,1/38,2:57.860,114,43.18,2021-05-03,22:17:44,---
7Q0Q09,39,9/39,2:56.900,54,22.39,2021-05-03,22:14:41,---
WRB9IZ,33,5/33,2:53.590,98,35.6,2021-05-03,22:11:33,---
ZVCE9N,5,1/5,1:39.170,56,41.14,2021-05-03,21:54:28,---
49JBVV,44,3/44,2:59.430,120,45.14,2021-05-03,21:34:09,---
A32NJQ,41,6/41,2:55.700,89,34.15,2021-05-03,21:30:59,---
Y4DY32,5,2/5,2:07.840,55,33.32,2021-05-03,04:29:01,---
18IEQB,4,2/4,1:48.020,77,52.21,2021-05-03,04:26:45,---
VGQ8Q0,4,2/4,34.91,21,36.09,2021-05-03,04:24:50,---
MYGMN9,5,4/5,1:42.980,34,27.97,2021-05-03,04:24:06,---
QM8JPP,5,3/5,1:08.480,57,50.82,2021-05-03,04:21:34,---
KZWI6V,3,3/3,26.32,0,0.0,2021-05-03,04:19:15,---
XDI597,5,1/5,56.11,45,66.3,2021-05-03,01:06:24,---
G1RPPZ,5,3/5,1:07.240,42,54.43,2021-05-03,01:05:24,---
6IGOPY,5,4/5,2:01.040,53,39.66,2021-05-03,01:04:00,---
ZLNRTC,5,2/5,1:03.680,51,59.36,2021-05-03,01:01:31,---
JJE4LV,5,3/5,51.74,21,35.95,2021-05-03,01:00:23,---
UCFLWG,5,2/5,2:17.840,78,41.79,2021-05-02,19:44:16,---
0G5BZ7,5,2/5,1:47.810,44,30.05,2021-05-02,19:41:49,---
46BVPA,5,2/5,2:06.990,95,50.08,2021-05-02,19:15:03,---
FCEQK9,5,2/5,2:08.490,68,44.83,2021-05-02,19:12:51,---
RRXKF0,6,4/6,48.85,15,23.34,2021-05-02,19:10:39,---
5D6K4M,5,4/5,37.13,10,17.78,2021-05-02,19:08:15,---
VILF4J,6,4/6,1:07.370,36,40.08,2021-05-02,19:05:44,---
1NEGG1,5,4/5,1:20.400,35,28.36,2021-05-02,19:03:16,---
JFDEHL,3,2/3,1:18.990,44,46.33,2021-05-02,19:01:05,---
ORD4VP,4,1/4,1:34.380,68,51.49,2021-05-02,18:59:39,---
M3YCRP,2,1/2,24.83,23,55.58,2021-05-02,18:58:00,---
H4618V,4,3/4,1:00.730,44,49.4,2021-05-02,18:57:17,---
PCQO5H,5,1/5,1:16.760,64,54.72,2021-05-02,18:55:04,---
CSCHQW,5,1/5,39.52,57,88.06,2021-05-02,18:53:41,---
VT92VN,36,5/36,2:44.340,118,46.73,2021-05-01,19:35:17,---
KI01S2,3,2/3,2:08.940,76,48.39,2021-05-01,19:17:32,---
CWJO5Y,3,1/3,45.7,38,53.83,2021-05-01,19:15:18,---
648NKX,5,2/5,2:16.470,89,46.16,2021-05-01,19:14:28,---
IP79XI,4,2/4,1:23.320,28,25.92,2021-04-30,15:57:35,---
JZPWY1,5,1/5,1:09.190,59,55.5,2021-04-30,15:56:06,---
X01BIS,4,3/4,1:23.710,42,41.57,2021-04-30,15:54:55,---
FX9B1S,4,3/4,1:32.960,21,32.92,2021-04-30,15:19:55,---
NNAEV6,4,1/4,2:11.510,76,44.71,2021-04-30,15:17:27,---
Y4AVUS,6,2/6,2:19.150,93,48.29,2021-04-30,15:15:11,---
8G8ZPN,4,1/4,2:40.620,107,43.71,2021-04-30,14:37:18,---
XM9UX5,6,1/6,2:21.020,77,44.25,2021-04-30,14:34:34,---
HHJPPV,5,2/5,2:05.220,57,34.98,2021-04-30,14:32:08,---
PA9U27,6,2/6,1:32.510,52,47.35,2021-04-30,14:29:58,---
YZJR02,5,2/5,2:14.750,69,36.07,2021-04-30,14:28:23,---
FCCXX8,6,2/6,1:54.490,85,58.17,2021-04-30,14:26:00,---
G7AV1Q,5,1/5,2:16.480,75,35.17,2021-04-30,14:24:02,---
FFKLYV,6,2/6,1:56.810,54,36.47,2021-04-30,14:21:40,---
CY62A1,3,1/3,27.33,22,52.69,2021-04-30,14:19:40,---
7SD7H9,6,2/6,1:29.320,37,34.93,2021-04-30,14:05:44,---
X9IRN5,4,2/4,1:59.140,100,60.43,2021-04-30,14:04:08,---
XGMIVZ,5,1/5,2:03.660,96,58.71,2021-04-30,04:37:32,---
MJEC3V,6,2/6,1:59.570,53,36.63,2021-04-30,00:24:47,---
RN64FA,5,1/5,53.68,31,49.18,2021-08-03,17:00:46,---
149JUZ,5,2/5,47.73,23,32.68,2021-04-30,00:14:08,---
BRTTQ5,5,5/5,20.82,6,0.0,2021-04-29,22:22:43,---
UJ9M7I,6,4/6,1:39.570,48,31.33,2021-04-29,22:21:30,---
TTEPQ2,6,2/6,2:10.350,53,30.38,2021-04-29,22:16:44,---
U7N903,4,1/4,2:17.450,82,41.47,2021-04-29,22:14:28,---
BWVSUO,3,3/3,37.85,20,34.87,2021-04-29,22:12:07,---
N8WDLF,4,2/4,1:24.550,55,47.55,2021-04-29,20:00:58,---
LLKQCH,4,3/4,27.54,13,34.86,2021-04-29,19:59:31,---
LYHGUV,41,1/41,3:02.120,109,41.51,2021-01-25,23:10:16,---
7NH98S,38,16/38,2:12.400,51,26.74,2021-04-29,17:23:13,---
KL6HRZ,40,6/40,2:32.190,98,44.55,2021-04-29,17:20:08,---
8N6KG4,37,12/37,2:22.770,75,35.72,2021-04-29,17:17:01,---
MMXN6K,37,1/37,3:00.740,87,33.2,2021-04-29,17:13:56,---
Q36KEP,34,1/34,3:02.860,95,37.73,2021-04-29,17:10:49,---
Y3QJT4,36,30/36,39.96,17,36.04,2021-04-29,17:07:37,---
POKTCM,36,8/36,2:44.420,126,51.09,2021-04-29,17:04:32,---
VEQ4HX,36,25/36,46.25,46,68.76,2021-04-29,17:01:26,---
GAIGTT,6,3/6,1:08.170,25,27.28,2021-04-29,16:57:25,---
0P774M,4,2/4,1:06.170,42,45.34,2021-04-29,16:55:19,---
INDIE5,36,6/36,2:41.090,100,42.09,2021-04-28,18:44:37,---
BA93K7,36,1/36,3:00.330,104,40.92,2021-04-28,18:41:33,---
1X4HK6,5,3/5,1:17.890,26,32.35,2021-04-28,18:20:51,---
IOUBVP,4,2/4,1:45.670,50,45.99,2021-04-28,18:18:41,---
8Z4W5M,5,4/5,19.37,1,3.1,2021-04-28,18:16:50,---
EE2ZDK,6,1/6,2:11.810,78,40.51,2021-04-28,18:15:11,---
6ECXB4,5,2/5,2:06.200,63,37.08,2021-04-26,17:38:53,---
6BSCWT,5,1/5,2:15,51,32.0,2021-04-26,17:36:39,---
65Q8IB,6,3/6,1:35.200,43,38.45,2021-04-26,17:34:20,---
7TQ6F0,6,1/6,2:12.740,99,53.34,2021-04-26,17:32:26,---
1QG910,6,3/6,1:47.460,63,42.43,2021-04-26,17:30:09,---
XKC105,5,5/5,49.32,12,20.68,2021-04-26,17:27:47,---
DC9YGR,7,5/7,31.88,0,1.88,2021-04-26,17:25:27,---
JTMV9V,6,4/6,59.5,15,23.19,2021-04-26,17:23:23,---
9GF0XW,6,2/6,2:43.190,75,38.97,2021-04-26,17:20:58,---
1M3XB2,7,2/7,2:00.370,45,28.91,2021-04-26,17:18:06,---
BVCVB3,5,2/5,2:23.080,82,40.68,2021-04-26,17:16:02,---
2KKKCK,5,1/5,1:35.150,68,51.71,2021-04-26,17:13:31,---
NSY2BF,6,1/6,1:36.580,70,60.88,2021-04-26,17:08:33,---
ZS63J7,4,4/4,38.21,7,26.69,2021-04-26,16:48:07,---
6DTHH6,6,4/6,1:29.090,49,43.78,2021-04-26,16:45:36,---
2KRUE9,5,2/5,48.97,29,44.11,2021-04-26,16:43:15,---
ZMQHN5,4,3/4,1:11.130,40,45.55,2021-04-26,16:42:23,---
QWSQ6L,4,1/4,2:15.070,93,47.53,2021-04-26,03:48:08,---
GTA33X,4,1/4,2:02.170,85,52.55,2021-04-26,03:45:47,---
URDSXA,5,3/5,1:04.560,35,44.61,2021-04-26,03:43:39,---
03ELEF,5,4/5,1:01.610,16,23.37,2021-04-26,03:41:32,---
7FB10T,4,2/4,1:02.650,35,39.27,2021-04-26,03:39:04,---
ZRASQT,6,4/6,1:01.630,47,51.6,2021-04-26,03:37:57,---
5RV509,5,3/5,1:28.120,45,40.17,2021-04-26,03:35:31,---
3I6CIN,6,5/6,41.57,28,43.3,2021-04-26,03:33:02,---
39VRR8,6,1/6,2:16.870,94,44.28,2021-04-26,03:30:41,---
10DPC2,6,1/6,2:17.230,84,49.84,2021-04-26,03:28:19,---
KK4KLD,6,1/6,1:40.260,71,46.08,2021-04-26,02:53:53,---
30604V,43,2/43,3:03.150,81,33.09,2021-04-25,23:16:21,---
VK15SN,41,1/41,2:59.140,84,33.16,2021-04-25,23:13:13,---
TJBH3S,4,2/4,48.61,25,40.73,2021-04-25,20:31:59,---
1ZG61D,5,2/5,50.64,43,67.54,2021-04-25,20:31:06,---
M3GD8M,6,3/6,2:19.740,82,47.23,2021-04-25,20:30:11,---
FYTFPJ,5,5/5,34.73,4,19.0,2021-04-25,20:27:37,---
E45SE1,6,4/6,1:13.580,19,22.83,2021-04-25,20:26:25,---
OE5DXP,5,1/5,2:14.200,95,45.16,2021-04-25,20:24:46,---
0NZCL4,5,2/5,1:25.720,42,34.3,2021-04-25,04:17:14,
KOWQJC,3,1/3,2:10.720,45,26.62,2021-04-25,04:15:43,---
DZ5VA6,4,1/4,2:14.480,72,35.69,2021-04-25,04:13:26,---
EVOF57,6,4/6,1:23.240,36,32.44,2021-04-25,04:10:58,---
LFZH1I,4,2/4,44.06,17,25.87,2021-04-25,04:08:33,---
OPY349,4,1/4,1:25.280,45,36.59,2021-04-25,04:07:42,---
9XB0YK,2,1/2,2:20.990,54,29.36,2021-04-25,04:06:10,---
UQ9EKV,3,3/3,1:17,21,35.84,2021-04-25,04:03:42,---
LLEPO4,4,3/4,2:09.120,43,32.06,2021-04-25,04:01:05,---
OMMAIS,5,2/5,2:11.260,62,31.08,2021-04-25,03:58:36,---
6N7N0J,4,2/4,1:38.840,56,41.89,2021-04-25,03:56:11,---
F93EXQ,4,2/4,2:23.810,74,37.55,2021-04-25,03:54:28,---
I9SX72,6,1/6,1:45.630,65,43.74,2021-04-25,03:51:59,---
5UMKOW,4,3/4,1:03.940,10,17.83,2021-04-25,03:50:06,---
GGE4FZ,36,15/36,1:52.460,39,25.08,2021-04-24,23:16:41,---
HHLTCN,40,24/40,1:11.400,29,26.89,2021-04-24,23:13:35,---
0O5GLQ,37,15/37,1:29.590,44,34.83,2021-04-24,23:10:26,---
8OGM1I,37,8/37,2:13.640,75,39.51,2021-04-24,20:07:30,---
RS7OBJ,39,4/39,2:38.270,88,41.7,2021-04-24,20:04:41,---
DUK9IW,37,17/37,1:51.740,62,37.05,2021-04-24,20:01:37,---
LJKZ8M,34,18/34,1:23.360,35,29.51,2021-04-24,19:58:56,---
MY42QK,38,1/38,2:59.870,107,42.36,2021-04-24,19:55:49,---
GUYUR2,37,23/37,1:14.540,33,31.39,2021-04-24,19:52:43,---
LRI9YM,3,1/3,1:13.490,48,42.45,2021-04-24,19:43:53,---
Y7GJFO,3,1/3,35.51,49,82.79,2021-04-24,19:42:34,---
2LJNR3,4,1/4,1:07.010,45,44.77,2021-04-24,19:41:54,---
D0XILR,3,2/3,1:43.420,41,37.71,2021-04-24,19:40:42,---
X77RVS,4,2/4,1:20.560,40,40.22,2021-04-24,19:38:53,---
WJRNIC,5,5/5,30.53,5,9.83,2021-04-24,19:37:29,---
YEDEW4,6,3/6,1:09.870,26,29.2,2021-04-24,19:36:10,---
FPBD7N,6,2/6,1:39.280,61,44.72,2021-04-23,18:25:11,---
6833NF,4,1/4,1:27.190,40,34.41,2021-04-23,18:23:28,---
PWNED1,39,7/39,2:21.850,61,33.84,2021-04-21,20:06:46,---
8G7FIO,36,7/36,2:26.540,66,33.57,2021-04-21,20:03:47,---
SF4MIA,38,7/38,2:53.860,68,28.64,2021-04-21,20:00:40,---
IK85T9,37,14/37,2:19.950,79,38.16,2021-04-21,19:57:33,---
9UF10R,35,15/35,1:52.670,59,38.34,2021-04-21,19:54:29,---
DINIZJ,40,11/40,2:18.820,92,41.49,2021-04-21,19:51:32,---
69KG22,3,3/3,2:14.060,49,32.67,2021-04-21,18:36:19,---
2YF7YU,5,3/5,1:48.010,70,53.88,2021-04-21,18:33:36,---
LXTYJ5,4,1/4,58.07,46,55.79,2021-04-20,21:46:48,---
LCVNXE,4,1/4,1:25.190,64,46.48,2021-04-20,21:45:46,---
HVNLTA,4,1/4,2:13.420,98,51.27,2021-04-20,21:44:11,---
R6ALSA,4,3/4,2:01.600,56,32.07,2021-04-20,21:41:49,---
DOPSFK,3,1/3,37.61,40,63.81,2021-04-20,21:39:20,---
JNDOIO,4,1/4,2:12.630,45,28.5,2021-04-20,21:38:37,---
PR98X1,3,2/3,2:09.200,52,35.76,2021-04-20,21:36:20,---
GD4AJ9,5,5/5,43.83,17,30.12,2021-04-20,21:34:02,---
875H9O,5,2/5,2:23.020,77,39.85,2021-04-19,16:05:26,---
8V1O46,6,3/6,2:09.300,93,50.12,2021-04-19,16:03:00,---
8ZA8C1,7,3/7,2:05.580,80,43.96,2021-04-19,16:00:43,---
ITY8HV,6,2/6,2:01.200,81,50.5,2021-04-19,15:58:17,---
I9GB6W,3,2/3,1:29.670,41,45.5,2021-04-18,15:38:31,---
9IBNYE,4,2/4,48.08,24,34.94,2021-04-18,15:36:58,---
7QZ633,4,2/4,1:03.810,54,55.48,2021-04-18,15:36:06,---
UZHHOT,4,4/4,36.24,17,51.32,2021-04-18,15:34:58,---
5KL6WP,5,5/5,1:00.110,7,32.94,2021-04-18,15:32:27,---
3FNHQJ,6,4/6,1:04.200,18,18.69,2021-04-18,15:30:18,---
4V3PSZ,5,3/5,58.82,27,34.68,2021-04-18,15:28:49,---
26RG8U,4,2/4,46.87,25,33.28,2021-04-18,03:45:40,---
QO5OY6,5,1/5,2:20.300,79,46.19,2021-04-18,03:44:49,---
U49LAW,4,1/4,1:51.300,70,47.98,2021-04-18,03:42:24,---
TRKAYO,4,1/4,1:37.060,68,47.6,2021-04-18,03:40:24,---
OS9C1K,5,2/5,2:30.630,73,33.86,2021-04-18,03:38:39,---
0L9H58,4,1/4,2:04.260,67,35.73,2021-04-18,03:36:04,---
Z9A2OU,5,1/5,2:23.200,84,38.97,2021-04-18,03:33:52,---
1HXXV2,4,2/4,2:16.420,68,35.63,2021-04-18,03:31:24,---
JWBKV5,3,2/3,1:29.740,40,32.76,2021-04-18,03:29:05,---
RCQCWC,5,4/5,24.64,0,0.0,2021-04-18,03:27:22,---
7LVYU9,5,2/5,1:13.460,54,46.56,2021-04-18,03:25:41,---
BSMVEJ,5,1/5,54.84,44,59.08,2021-04-18,03:24:21,---
MOAN00,46,1/46,2:59.810,153,54.72,2021-04-18,02:30:30,---
QJBVDV,6,1/6,2:13.230,77,42.33,2021-04-18,02:16:55,---
D1MRBK,4,2/4,2:16.010,91,48.08,2021-04-18,02:14:38,---
PPTY0I,6,1/6,2:00.830,74,53.63,2021-04-18,02:12:16,---
G1PB7A,6,5/6,46.75,17,35.94,2021-04-18,02:10:11,---
M1TEZR,5,4/5,57.95,21,25.88,2021-04-18,02:08:08,---
QSGBWO,5,4/5,1:34.050,48,38.28,2021-04-18,02:06:15,---
154SYH,5,5/5,33.72,19,42.7,2021-04-17,18:08:51,---
984UC7,4,3/4,1:14.240,32,31.52,2021-04-17,18:06:28,---
ZIEVXH,5,4/5,1:20.570,43,44.68,2021-04-17,18:04:51,---
ZUKUSN,4,2/4,48.16,15,31.15,2021-04-17,18:02:46,---
EP8WGS,3,2/3,1:25.600,45,38.55,2021-04-17,18:01:53,---
WE1DXZ,4,1/4,2:24.290,63,33.27,2021-04-17,17:44:01,---
MDYPXR,3,2/3,1:48.340,62,42.09,2021-04-17,17:41:33,---
PNXCI5,3,2/3,2:08.110,76,39.81,2021-04-17,17:39:41,---
Z3J802,3,3/3,1:38.780,50,34.01,2020-05-25,05:40:32,---
FL1HG6,3,3/3,48.95,16,23.29,2021-04-17,17:35:09,---
I1B26W,4,2/4,2:55.480,67,27.35,2021-04-17,17:33:37,---
UHPS2B,4,1/4,2:26.710,62,31.49,2021-04-17,17:30:31,---
S2ZIDY,4,1/4,2:48.910,71,32.68,2021-04-15,23:09:14,---
IPCY83,4,3/4,45.58,25,39.49,2021-04-15,21:23:21,---
LBPIEL,5,1/5,2:09.980,54,32.31,2021-04-15,21:22:30,---
9RBXL7,4,2/4,1:30.300,47,35.88,2021-04-15,21:20:16,---
88VJ61,6,2/6,34.47,16,38.29,2021-04-15,21:18:41,---
9RK516,4,2/4,2:22.990,72,41.12,2021-04-15,01:56:58,---
SB21FS,5,4/5,55.6,16,25.9,2021-04-15,01:54:28,---
4OY8BI,4,1/4,2:20.180,62,35.53,2021-04-15,01:52:17,---
929RAT,5,3/5,2:18.350,77,42.07,2021-04-15,01:49:46,---
SLMS33,4,2/4,1:54.180,58,36.26,2021-04-15,01:47:21,---
O3CXQ5,41,1/41,2:56.700,84,32.6,2021-04-14,23:49:20,---
1XBSPM,4,1/4,2:15.260,70,42.58,2021-04-14,18:01:57,---
W2KZZL,2,2/2,1:30.770,47,39.66,2021-04-14,17:59:40,---
ZKL2ZR,5,1/5,2:20.860,92,43.02,2021-04-14,17:58:01,---
3IKHDS,6,1/6,2:23.100,57,38.57,2021-04-14,13:43:31,---
4E0G1F,4,4/4,18.02,8,39.96,2021-04-14,13:41:05,---
ACIHZF,5,2/5,33.53,16,30.42,2021-04-14,12:30:08,---
GYVF67,3,1/3,1:57.480,69,41.88,2021-04-14,12:29:30,---
QNMCFS,4,1/4,1:46.330,69,47.4,2021-04-14,12:27:29,---
A63PTH,2,1/2,31.85,23,84.77,2021-04-14,12:25:39,---
FLBJZO,5,2/5,2:22.270,71,45.55,2021-04-14,06:44:19,---
A5WN83,2,1/2,1:39.440,41,27.76,2021-04-14,06:21:08,---
99X4FA,3,1/3,45.79,31,47.17,2021-04-14,06:19:26,---
KZ5K1P,5,4/5,1:47.180,44,36.95,2021-04-14,06:18:36,---
BYZQZA,39,2/39,3:01.510,103,38.34,2021-04-14,05:45:41,---
WVG7I8,5,1/5,1:37.040,52,40.19,2021-04-14,05:38:04,---
M0A3WA,41,1/41,2:55.470,93,40.35,2021-04-12,17:47:10,---
L8H0Y4,5,1/5,1:41.590,41,49.02,2021-04-12,13:08:27,---
FPDYCK,43,1/43,2:59.360,102,38.8,2021-04-11,18:57:13,---
DLBUT5,41,3/41,2:57.340,101,40.94,2021-04-10,19:56:46,---
44MSER,6,1/6,2:29.360,67,33.74,2021-04-09,00:19:33,---
KBEATV,6,2/6,1:59.440,76,47.22,2021-04-09,00:16:57,---
NB2CCQ,5,4/5,34.54,2,17.37,2021-04-09,00:14:51,---
ACO9HG,5,3/5,1:02.340,28,32.72,2021-04-09,00:13:23,---
CDC9E1,5,2/5,1:35.850,43,33.8,2021-04-09,00:11:24,---
8BYAJE,4,2/4,2:06.870,57,32.16,2021-04-04,16:42:17,---
B26AQC,6,6/6,25.21,11,38.08,2021-04-04,15:54:54,---
2Y7WF5,7,6/7,43.94,14,20.48,2021-04-04,15:53:02,---
HE0FRF,7,4/7,50.62,28,43.86,2021-04-04,15:50:56,---
TLAVBR,5,1/5,2:02.290,85,52.5,2021-04-04,15:49:27,---
4TXEEJ,4,4/4,24.98,4,12.01,2021-04-04,15:47:18,---
PNRAOH,42,2/42,3:01.520,94,38.01,2021-04-04,13:32:10,---
QUAWOO,37,2/37,3:01.510,91,37.68,2021-04-04,13:29:03,---
RQ5NPC,39,8/39,2:23.160,69,34.79,2021-04-04,13:25:56,---
DRH0G0,44,4/44,2:59.380,63,30.44,2021-04-04,13:22:52,---
1L9SSZ,45,17/45,2:14.470,72,39.71,2021-04-04,13:19:41,---
BZ2HEQ,45,11/45,2:23.170,67,32.69,2021-04-04,13:16:39,---
BEDSWU,45,1/45,2:58.230,83,37.03,2021-04-04,13:13:34,---
C9UU81,46,9/46,2:22.800,96,49.16,2021-04-04,13:10:30,---
RTYEDL,39,3/39,2:25.990,117,53.43,2021-04-04,13:07:43,---
8TQTD7,40,11/40,2:12.420,56,31.26,2021-04-04,13:05:01,---
WTM0JY,5,2/5,1:23.980,34,32.15,2021-04-03,21:38:24,---
TIV278,5,2/5,2:13.090,81,39.22,2021-04-03,21:36:56,---
JE5Z5H,5,4/5,16.07,1,3.73,2021-04-03,21:34:38,---
E7WN36,7,4/7,51.58,43,51.18,2021-04-03,21:33:22,---
CDE0UZ,7,5/7,1:01.900,17,27.14,2021-04-03,21:31:36,---
KYWESU,6,5/6,55.63,20,30.2,2021-04-03,21:28:57,---
S8A12P,6,5/6,44.77,28,37.53,2021-04-03,21:26:47,---
DGUHXB,6,6/6,36.35,10,44.57,2021-04-03,21:24:36,---
CJBZ2C,6,5/6,19.74,5,21.28,2021-04-03,21:23:15,---
QP4UEM,4,3/4,33.65,15,49.93,2021-04-03,21:20:58,---
MCOTKE,5,3/5,44.86,19,25.41,2021-04-03,21:18:59,---
HIGVE7,6,3/6,1:46.550,65,46.74,2021-04-03,21:17:36,---
MJ03E6,6,2/6,1:07.130,39,45.58,2021-04-03,21:15:26,---
F0FQ7V,5,2/5,1:25.370,47,40.06,2021-04-03,21:14:15,---
T8PHJY,6,3/6,1:41.470,35,27.79,2021-04-03,21:12:46,---
LQS4GO,6,3/6,1:00.610,34,36.63,2021-04-03,20:06:55,---
56D7TM,5,3/5,1:15.370,54,53.34,2021-04-03,20:05:13,---
5IWRC3,5,3/5,1:32.090,19,28.67,2021-04-03,20:03:30,---
3H8BSM,4,1/4,2:06.370,62,43.21,2021-04-03,20:01:39,---
7Z6S6Q,4,3/4,1:20.590,41,37.97,2021-04-03,19:59:26,---
XGMYHC,3,2/3,49.42,20,25.5,2021-04-03,19:57:52,---
XJBI3A,5,5/5,32.86,15,31.04,2021-04-03,19:56:56,---
VZUP3C,3,3/3,1:13.600,38,46.47,2021-04-03,19:55:30,---
VMD0H0,4,2/4,2:18.890,105,52.27,2021-04-03,19:53:16,---
KT9SS8,4,1/4,1:08.550,61,68.27,2021-04-03,19:50:50,---
P1OF4D,6,2/6,2:20.620,47,28.16,2021-04-02,11:54:28,---
W1LE1A,6,3/6,1:33.490,42,31.45,2021-04-02,11:52:03,---
0KJGJ6,37,3/37,2:27.740,98,49.95,2021-03-31,17:02:04,---
8PL675,38,1/38,3:02.250,130,53.33,2021-03-29,10:52:44,---
IDTJLR,6,4/6,26.14,7,22.95,2021-03-29,08:19:55,---
U9ZDQ0,5,5/5,22.88,0,7.87,2021-03-29,08:17:53,---
WBQ0K6,4,2/4,1:09.380,34,43.24,2021-03-29,08:15:36,---
1PB1TJ,4,2/4,58.9,25,41.77,2021-03-29,08:14:23,---
BZXDCY,3,2/3,2:19.420,92,46.48,2021-03-29,05:28:00,---
84KLN6,4,1/4,2:08.950,71,37.69,2021-03-29,05:25:37,---
SBQTPY,3,1/3,2:02.820,64,37.62,2021-03-29,05:23:24,---
M5JD4J,2,1/2,1:12.900,29,29.63,2021-03-29,05:21:04,---
NTAOUV,5,1/5,2:06.550,90,46.94,2021-03-29,05:19:48,---
FYX1I1,4,3/4,57.55,27,46.92,2021-03-29,03:27:21,---
EBB02K,41,9/41,2:22.880,66,34.43,2021-03-29,00:19:00,---
MXDWMC,43,11/43,2:22.340,56,31.61,2021-03-29,00:15:59,---
CIGPTB,42,8/42,2:54,79,32.41,2021-03-29,00:03:40,---
FJQ7OJ,4,3/4,31.99,32,78.77,2021-03-28,01:00:41,---
YKN67R,36,29/36,41.81,15,27.27,2021-03-27,18:25:07,---
ULWPLP,37,11/37,2:15.540,93,45.15,2021-03-27,18:21:59,---
0GLOIW,40,7/40,2:17.180,61,35.43,2021-03-27,18:18:45,---
AKB193,4,4/4,49.42,16,21.85,2021-03-27,18:01:07,---
FTS5XP,5,1/5,2:11.520,77,44.71,2021-03-27,17:38:07,---
T7GGI5,39,9/39,2:19.070,43,24.59,2021-03-27,16:59:37,---
CEJ5CO,34,4/34,2:37,77,38.22,2021-03-27,16:56:34,---
HQ5FC6,37,4/37,2:41.430,85,37.91,2021-03-27,16:53:43,---
A44YOT,36,13/36,2:23.870,54,29.61,2021-03-27,16:50:36,---
W51U9N,38,6/38,2:33.670,89,46.46,2021-03-27,16:47:29,---
L1OLX2,34,7/34,2:32.070,94,42.61,2021-03-27,16:44:30,---
EBBD9J,35,10/35,2:23.100,80,36.48,2021-03-27,16:41:24,---
YXQOLS,40,1/40,3:02.070,79,31.31,2021-03-27,16:38:22,---
K8S84O,41,7/41,2:29.030,102,47.51,2021-03-27,16:35:12,---
A9JP7V,38,2/38,3:00.130,78,32.31,2021-03-27,16:32:04,---
PE5MXB,39,3/39,2:35.980,88,40.01,2021-03-27,16:28:58,---
AOV5OS,40,1/40,2:58.760,97,37.93,2021-03-27,16:25:52,---
323W7M,4,2/4,2:02.090,45,32.93,2021-03-27,14:38:38,---
40G815,4,2/4,59.73,35,40.18,2021-03-24,22:39:38,---
670DO8,42,1/42,2:53.650,82,35.24,2021-03-24,16:56:06,---
3B32KJ,34,3/34,2:55.610,76,33.14,2021-03-24,16:53:07,---
AE7TUN,37,3/37,2:48.620,123,47.33,2021-03-24,16:50:03,---
QKUUVO,38,5/38,2:20.210,99,50.5,2021-03-24,16:47:00,---
SKX1K2,4,2/4,2:06.580,51,33.65,2021-03-24,16:01:52,---
K66B7J,3,2/3,2:08.050,66,44.51,2021-03-24,15:59:41,---
DLGX4E,2,2/2,50.66,16,30.79,2021-03-24,15:57:28,---
PEHAP5,2,2/2,30.38,10,29.62,2021-03-24,15:56:33,---
K54W3I,2,2/2,1:20.390,63,64.93,2021-03-24,15:55:57,---
VDEFUY,2,1/2,25.93,19,43.96,2021-03-24,15:54:31,---
I9S0KZ,2,2/2,31.91,13,35.73,2021-03-24,15:54:01,---
WSZQ7Z,2,2/2,2:13.730,50,46.66,2021-03-24,15:53:25,---
JZV3ZL,2,1/2,19.41,15,46.37,2021-03-24,15:51:06,---
E0NQWV,3,2/3,44.77,25,36.18,2021-03-24,15:50:43,---
24GFGS,2,1/2,1:36.740,56,40.93,2021-03-24,15:49:53,---
QEE3DQ,39,4/39,2:57.500,106,41.58,2021-03-23,03:40:53,---
IEXLOL,42,3/42,3:01,98,35.47,2021-03-23,03:37:47,---
2OQCDS,43,4/43,3:01.220,105,40.72,2021-03-23,03:34:39,---
F7W3L5,45,1/45,3:00.960,87,33.16,2021-03-23,03:31:31,---
0UG5JO,40,2/40,3:02.750,92,32.5,2021-03-23,03:28:24,---
BQ8QMB,44,2/44,3:02.170,101,38.21,2021-03-23,03:25:15,---
XO45LG,40,8/40,2:53.930,63,28.98,2021-03-23,03:22:07,---
MWD6CS,2,2/2,23.11,4,15.58,2021-03-23,03:17:21,---
WWWJSS,3,3/3,1:01.100,23,24.55,2021-03-23,03:16:23,---
XE1RB3,5,2/5,2:17.720,69,34.85,2021-03-23,03:13:22,---
3JGXHZ,4,1/4,2:05.370,84,41.16,2021-03-23,03:10:59,---
U2D917,6,2/6,2:01.780,68,42.86,2021-03-22,17:16:08,---
UB8ZU8,6,6/6,7.71,0,0.0,2021-03-22,17:14:02,---
3A3IY5,5,5/5,1:54,38,24.21,2021-03-22,17:13:09,---
ZMLFLI,5,2/5,2:32.200,100,50.85,2021-03-22,00:46:50,---
S3BM1H,5,1/5,1:05.300,54,56.05,2021-03-22,00:44:12,---
UKHH8T,5,5/5,8.31,0,0.0,2021-03-21,14:51:18,---
4OQQCD,5,3/5,1:26.190,44,41.77,2021-03-21,14:49:23,---
51HY8T,5,4/5,1:42.840,34,40.26,2021-03-21,14:47:30,---
2EGTDJ,4,3/4,26.5,15,36.23,2021-03-21,02:51:13,---
4TWW0L,4,3/4,1:17.220,29,40.4,2021-03-21,02:50:33,---
93XQ27,4,1/4,1:37.710,56,39.3,2020-12-01,10:37:04,---
WXV4DE,5,4/5,42.3,24,45.39,2021-03-21,02:47:17,---
LKG4NK,5,1/5,1:57.500,70,44.94,2021-03-18,02:34:12,---
1D9R65,5,1/5,2:17.640,84,39.23,2021-03-18,02:32:04,---
Z2Y6UE,3,1/3,1:30.280,58,0.0,2021-03-18,02:29:44,---
KO22K7,4,2/4,2:03.530,98,54.4,2021-03-18,02:28:08,---
CA3P1D,4,3/4,1:01.310,37,40.12,2021-03-18,02:25:59,---
CKIAGM,4,1/4,2:05.280,84,49.33,2021-03-18,02:23:31,---
O5EWPZ,4,3/4,37.02,9,29.17,2021-03-18,01:10:42,---
9VUK8V,6,1/6,2:03.840,88,47.48,2021-03-18,01:08:55,---
OP5TVS,6,5/6,22.3,9,37.67,2021-03-18,01:06:46,---
AGPQOG,5,3/5,43.57,14,31.67,2021-03-18,01:04:29,---
WTWGUH,4,3/4,25.34,10,49.72,2021-03-18,01:02:49,---
H8NZK7,6,3/6,56.48,31,38.24,2021-03-18,01:01:57,---
WOD0GM,4,3/4,1:04.310,19,38.25,2021-03-18,00:59:42,---
LV9C98,4,3/4,39.62,11,18.17,2021-03-18,00:58:08,---
X433R8,3,3/3,1:05.600,37,41.16,2021-03-18,00:56:56,---
69FRUC,4,2/4,51.02,10,27.05,2021-03-18,00:55:36,---
6H0U4I,4,3/4,1:31.890,30,39.18,2021-03-18,00:45:28,---
CG6HVS,6,4/6,54.95,13,14.19,2021-03-18,00:43:40,---
06DWOH,5,1/5,1:19.420,41,32.49,2021-03-18,00:42:00,---
BUIB7E,4,2/4,28.32,21,48.73,2021-03-17,23:25:16,---
95YRIZ,4,2/4,40.19,28,49.27,2021-03-17,23:24:37,---
OQDWH0,5,2/5,2:11.250,77,44.34,2021-03-17,23:23:44,---
S7AXAA,6,4/6,55.12,29,41.36,2021-03-17,23:21:22,---
2SUPMP,5,3/5,1:09.630,27,34.47,2021-03-17,23:18:46,---
5V9ZCJ,6,5/6,34.31,10,20.99,2021-03-17,23:16:36,---
B7NXGC,4,1/4,2:02.110,68,43.24,2021-03-17,21:48:53,---
TO0OU5,4,1/4,59.83,31,34.1,2021-03-17,21:46:44,---
HKPY59,5,2/5,1:58.700,50,37.41,2021-03-17,20:46:25,---
D5RSJ1,6,4/6,1:03.320,41,42.64,2021-03-17,03:29:32,---
N9JS2F,5,3/5,1:35.960,56,42.52,2021-03-17,03:27:48,---
3R7PO1,4,3/4,44.79,11,21.43,2021-03-16,20:52:06,---
IMCWEQ,4,3/4,40.44,23,38.58,2021-03-16,20:49:46,---
MDCQ1O,4,2/4,1:22.480,28,34.19,2021-03-16,20:47:51,---
HOWTE7,4,4/4,50.94,24,36.51,2021-03-16,20:46:24,---
1I3FW7,5,3/5,34.27,6,24.51,2021-03-16,20:44:59,---
28EKQK,5,4/5,22.2,11,35.13,2021-03-16,20:44:10,---
4H7Q90,5,2/5,31.68,0,3.79,2021-03-16,20:43:31,---
HFY0ED,5,5/5,31.79,9,35.86,2021-03-16,20:42:54,---
UE3BEW,5,5/5,38.26,18,31.36,2021-03-16,20:41:39,---
SX5CQT,5,4/5,38.66,11,26.38,2021-03-16,20:39:26,---
TA27RA,4,2/4,1:21.780,43,46.22,2021-03-16,20:37:50,---
1J6UUG,3,1/3,1:12.340,31,36.49,2021-03-16,18:42:44,---
IIII8E,3,1/3,1:33.880,45,31.32,2021-03-16,18:41:26,---
TVXDA7,4,1/4,52.92,15,17.01,2021-03-16,18:39:47,---
USL7HN,4,2/4,1:59.850,56,39.55,2021-03-16,18:38:50,---
Z94XQX,2,1/2,1:16.480,45,40.79,2021-03-16,18:36:44,---
BR3YJ6,6,3/6,2:20.090,81,47.11,2021-03-16,00:17:27,---
WO1ENP,3,2/3,2:00.360,60,35.39,2021-03-15,23:59:15,---
4O3FBV,4,1/4,1:54.890,58,47.52,2021-03-15,23:57:10,---
CG2YB8,5,2/5,2:08.850,62,40.05,2021-03-15,23:55:11,---
Z74KMJ,4,2/4,57.34,31,43.95,2021-03-15,20:43:49,---
7PBR50,6,2/6,1:56.730,57,48.32,2021-03-15,20:42:48,---
SQE3I1,5,2/5,1:11.740,39,46.0,2021-03-15,20:40:47,---
Y792MB,5,4/5,23.65,16,40.59,2021-03-15,20:39:24,---
LPB0B5,5,2/5,51.86,42,64.79,2021-03-15,19:39:36,---
JI044D,3,1/3,52.07,24,54.16,2021-03-15,19:38:40,---
83PR9S,3,2/3,31.17,30,57.75,2021-03-15,19:37:43,---
YI7GBH,3,3/3,17.37,4,13.82,2021-03-15,19:37:06,---
1ET3ZP,2,2/2,45.75,16,32.79,2021-03-15,19:36:42,---
NKBA2U,2,2/2,55.45,16,31.38,2021-03-15,19:35:52,---
RK43XK,2,2/2,18.01,0,3.33,2021-03-15,19:34:53,---
LTPUUK,2,2/2,14.08,0,0.0,2021-03-15,19:34:31,---
4ESZ9F,2,2/2,19.17,9,31.3,2021-03-15,19:34:13,---
D6ULHY,6,2/6,1:18.160,43,45.29,2021-03-15,19:33:46,---
CNVON7,6,3/6,1:22.490,47,51.64,2021-03-15,19:32:21,---
SZNHNP,6,2/6,1:24.480,53,41.9,2021-03-15,19:30:38,---
1Y0JNP,6,5/6,36.33,13,34.68,2021-03-15,19:29:07,---
PMZV8S,6,2/6,1:50.900,43,40.04,2021-03-15,19:26:46,---
HYVK54,7,2/7,2:03.330,63,40.87,2020-03-15,22:19:40,---
7GEKG7,5,2/5,2:22.530,68,33.26,2021-03-15,18:51:08,---
M8BGQJ,5,1/5,1:35.500,70,47.75,2021-03-15,18:48:37,---
2A0IFL,43,3/43,2:25.480,83,40.01,2021-03-15,17:29:16,---
T0A1KK,37,7/37,2:56.580,110,44.17,2021-03-15,17:26:28,---
H79XUJ,40,7/40,2:56.610,72,27.52,2021-03-15,17:23:19,---
107SE5,37,2/37,3:02.050,72,28.34,2021-03-15,17:20:14,---
GIIAT1,38,5/38,2:54.770,82,30.9,2021-03-15,17:17:06,---
6Q2N66,36,4/36,2:57.270,111,45.02,2021-03-15,17:14:00,---
YOYLBB,35,1/35,3:00.080,78,32.32,2021-03-15,17:10:56,---
HQH44T,40,16/40,2:18.830,59,29.39,2021-03-15,17:07:50,---
W1F4KO,5,3/5,45.16,8,10.63,2021-03-15,05:40:12,---
OKC8YU,4,1/4,2:03.960,73,47.43,2021-03-15,05:39:02,---
ZR4R4G,6,2/6,2:10.930,66,35.29,2021-03-15,05:36:52,---
N5791R,6,2/6,1:09.610,42,51.72,2021-03-15,05:34:36,---
1B0NNF,4,3/4,1:11.870,26,35.9,2021-03-15,05:33:19,---
CD8XCD,5,2/5,2:22.870,65,30.24,2021-03-15,05:30:57,---
4QC7MQ,6,1/6,2:13.360,108,58.04,2021-03-15,05:28:27,---
5XMEII,3,2/3,2:26.960,88,42.46,2021-03-15,05:26:06,---
XOJ0FA,5,1/5,2:30.470,77,34.69,2021-03-15,05:23:34,---
C4A3FK,7,2/7,1:40.170,63,46.72,2021-03-14,22:38:20,---
BNXQQZ,6,3/6,1:12.780,18,20.61,2021-03-14,22:36:36,---
QCIOOW,6,6/6,8.76,0,0.0,2021-03-14,22:34:07,---
3NQ6EP,5,3/5,39.03,19,33.82,2021-03-14,22:29:17,---
Q4MLXA,6,5/6,1:35.650,40,41.4,2021-03-14,22:27:51,---
7IDXHT,5,3/5,1:21.890,33,32.97,2021-03-14,22:25:20,---
26IVWX,3,2/3,1:22.260,51,39.39,2020-04-04,14:56:22,---
GDID28,6,4/6,53.73,26,34.62,2021-03-13,17:10:44,---
Y7DPVR,5,3/5,40.1,11,23.94,2021-03-13,17:06:00,---
Z0GX8O,6,2/6,1:52.570,36,36.78,2021-03-11,15:02:33,---
P8TGNN,3,2/3,2:06.610,67,41.23,2021-03-11,15:00:27,---
N2JWLD,4,2/4,2:19.030,55,31.5,2021-03-11,14:58:09,---
9TP9N4,6,2/6,2:22.400,80,39.61,2021-03-11,14:55:43,---
GPCYGX,6,5/6,32.43,6,11.1,2021-03-11,14:53:15,---
KYHR8Z,5,5/5,21.3,1,2.82,2021-03-11,14:52:17,---
83VCHW,4,2/4,1:46.870,44,44.35,2021-03-10,18:44:02,---
U1IATL,4,1/4,1:59.810,60,37.06,2021-03-10,18:42:07,---
AWEWHF,6,1/6,2:14.770,53,32.5,2021-03-10,18:40:03,---
Q6ETYP,4,4/4,1:33.320,45,33.43,2021-03-10,18:37:44,---
DGDS9M,4,3/4,22.65,1,5.3,2021-03-10,18:35:18,---
UBQI9Q,4,1/4,1:18.750,33,39.62,2021-03-10,18:34:31,---
3TIGUV,2,2/2,40.42,28,51.95,2021-03-10,18:33:08,---
ML7M1G,2,2/2,23.93,7,25.07,2021-03-10,18:32:23,---
4VK8FA,2,2/2,14.18,0,21.16,2021-03-10,18:31:54,---
K698M7,2,2/2,32.8,9,40.24,2021-03-10,18:31:35,---
0QBMMM,2,2/2,34.6,10,31.21,2021-03-10,18:30:58,---
FOZEMV,2,1/2,20.39,17,55.91,2021-03-10,18:30:19,---
9KQ29Z,2,1/2,36.08,15,31.6,2021-03-10,18:29:50,---
3Q2I1H,3,1/3,48.75,41,67.69,2021-03-10,18:29:06,---
D8PARL,6,2/6,1:47.470,55,36.85,2021-03-10,18:28:13,---
1KKQ9U,4,2/4,1:13.850,42,45.5,2021-03-10,18:26:21,---
VCHJWW,44,12/44,2:20.200,71,35.95,2021-03-09,04:10:44,---
T5CCQ6,5,2/5,52.12,24,39.14,2021-03-09,00:04:06,---
XJPL2H,3,2/3,2:02.580,53,41.12,2021-03-09,00:03:10,---
ZGU4F2,6,3/6,2:21.660,78,51.67,2021-03-09,00:01:03,---
Y6IO17,6,5/6,1:10.600,40,39.09,2021-03-08,23:58:32,---
NWXRMH,6,4/6,1:01.100,36,50.08,2021-03-08,23:56:02,---
K8I8QE,6,5/6,21.17,0,0.0,2021-03-08,23:53:40,---
O6CJSS,6,4/6,59.48,26,35.31,2021-03-08,23:50:38,---
IZMFF5,4,1/4,1:13.290,55,48.3,2021-03-08,18:16:53,---
LDX7R0,5,3/5,41.27,20,30.53,2021-03-08,18:15:30,---
LRC4O4,5,5/5,1:00.630,29,39.58,2021-03-08,18:13:44,---
7QI1MR,6,1/6,2:22.980,83,43.22,2021-03-08,18:11:17,---
V8WK7B,3,1/3,1:27.050,52,44.11,2021-03-08,18:08:49,---
OUDK5O,1,1/1,28.55,0,6.3,2021-03-08,00:16:13,---
RRDC11,4,1/4,2:18.930,54,31.96,2021-03-05,01:59:09,---
4BBNGK,6,2/6,2:17.880,97,47.43,2021-03-05,01:56:47,---
6T7BCS,6,5/6,1:11.950,19,34.19,2021-03-05,01:54:25,---
298RNH,6,6/6,28.79,7,31.26,2020-12-21,01:47:27,---
3GPP6D,6,2/6,1:54.800,68,44.95,2021-03-05,01:48:52,---
QZFURS,6,5/6,40.2,14,20.9,2021-03-05,01:46:53,---
YWWRE6,5,3/5,1:51.920,57,37.53,2021-03-05,01:44:30,---
NF33TX,5,2/5,1:44.190,67,42.04,2021-03-05,01:41:58,---
6D92CO,6,1/6,2:04.750,72,45.21,2021-03-05,01:40:10,---
QMRYS1,5,1/5,2:07.390,72,43.33,2021-03-05,01:38:00,---
FIPVXK,5,4/5,1:02.300,13,23.11,2021-03-04,23:44:55,---
FRQLAB,5,2/5,1:11.330,36,33.65,2021-03-04,23:43:05,---
LUX5OK,5,3/5,1:08.980,20,20.88,2021-03-04,23:41:43,---
KJGW6X,6,2/6,1:43.240,60,41.84,2021-03-04,23:39:59,---
H54RCE,5,4/5,26.24,9,34.3,2021-03-04,23:38:09,---
GOJNXS,6,3/6,52.04,26,32.28,2021-03-04,23:36:51,---
7V9R5X,5,3/5,1:06.790,20,26.95,2021-03-04,23:35:03,---
IMOKCZ,7,2/7,2:16.640,78,45.67,2021-03-04,23:32:55,---
B71E1B,6,3/6,1:30.350,25,29.22,2021-03-04,23:30:35,---
NZFLK4,5,2/5,1:26.530,46,42.99,2021-03-04,23:28:05,---
6VCHQK,2,2/2,42.32,16,24.1,2021-03-04,19:40:32,---
27YCX2,3,2/3,2:02.400,43,25.98,2021-03-04,19:39:35,---
SS3677,4,1/4,2:18.990,89,46.62,2021-03-04,19:37:26,---
WNCAZ3,2,2/2,58.79,33,37.76,2021-03-04,19:35:01,---
WTN20Y,5,4/5,39.61,15,34.84,2021-03-04,19:33:57,---
Q1PWQT,36,2/36,3:02.620,119,41.73,2021-03-02,00:45:57,---
N0ZDH9,39,1/39,3:01.440,72,27.78,2021-03-02,00:42:49,---
P4RYF0,38,3/38,2:57.820,117,44.2,2021-03-02,00:39:41,---
SC70FT,42,2/42,3:00.520,114,42.21,2021-03-02,00:36:37,---
N7IYM0,38,14/38,2:13.700,58,32.76,2021-03-01,23:56:37,---
JDZC4E,42,6/42,2:56.590,113,41.11,2021-03-01,23:53:28,---
AQF319,36,7/36,2:26.340,81,38.95,2021-03-01,23:50:19,---
KUAK7T,40,9/40,2:22.300,118,54.39,2021-03-01,23:47:19,---
8WF0VY,40,12/40,2:23.500,71,35.12,2021-03-01,23:44:14,---
N35TTV,37,8/37,2:21.500,66,33.5,2021-03-01,23:41:11,---
MLQR60,38,15/38,2:00.500,0,0.0,2021-03-01,23:35:00,---
RD7AUI,5,1/5,2:11.570,78,41.04,2021-02-25,15:52:05,---
3F1Q5X,5,1/5,2:07.310,74,46.66,2021-02-25,15:49:50,---
69XIFR,4,4/4,35.79,4,10.06,2021-02-25,15:47:30,---
J04R51,5,2/5,2:22.700,86,42.47,2021-02-25,04:54:01,---
SR33OV,4,1/4,1:23.090,46,35.38,2021-02-25,04:51:34,---
6JA90T,4,1/4,2:19.090,85,39.26,2021-02-25,04:50:07,---
86KD9Q,5,2/5,1:54.270,65,40.96,2021-02-25,04:34:46,---
VJTEGN,6,6/6,15.78,10,41.82,2021-02-25,04:20:01,---
DHZNV4,4,1/4,2:12.490,60,33.06,2021-02-25,01:48:27,---
LVJ6DB,6,3/6,44.7,18,37.58,2021-02-24,16:45:20,---
WP4XDJ,6,3/6,2:11.570,86,46.06,2021-02-24,16:30:47,---
E6RMZR,45,7/45,2:56.960,54,28.82,2021-02-24,15:36:39,---
R6AZ8L,41,6/41,2:55.680,105,44.74,2021-02-24,15:33:25,---
KGHL2G,41,10/41,2:21.910,59,30.86,2021-02-24,15:30:18,---
TNDOAW,41,7/41,2:55.490,83,36.24,2021-02-21,21:51:54,---
CUBAJ1,5,2/5,1:34.100,61,51.65,2021-02-13,22:09:36,---
7DPDRS,1,1/1,4.89,0,797.53,2021-02-13,21:20:29,---
07IJ41,1,1/1,3.8,0,0.0,2021-02-13,21:19:59,---
QTJ2Z7,1,1/1,45.36,0,17.2,2021-02-13,21:19:17,---
2MGZ9H,1,1/1,30.64,0,17.62,2021-02-13,21:18:27,---
OYA3VM,4,1/4,1:39.440,0,10.86,2021-02-13,21:15:51,---
25ILFD,1,1/1,45.27,0,15.9,2021-02-13,13:15:21,---
UEDKT9,2,1/2,21.45,0,8.39,2021-02-13,13:14:29,---
YKTWZL,1,1/1,1:04.860,0,7.4,2021-02-13,13:13:50,---
HSVDQN,1,1/1,46.67,0,6.43,2021-02-13,13:12:41,---
Z74MM5,3,1/3,53.15,0,23.71,2021-02-13,00:32:40,---
ALD3YX,8,3/8,18.94,0,3.17,2021-02-13,00:31:04,---
7AWUEH,4,2/4,48.81,43,54.09,2021-02-09,21:37:01,---
1SE8C7,5,4/5,32.16,24,46.64,2021-02-09,21:36:08,---
BVWWB2,5,1/5,1:40.100,69,58.14,2021-02-09,21:34:36,---
9U91BU,5,3/5,1:38.500,38,37.16,2021-02-09,21:32:47,---
UXTANP,39,3/39,2:57.180,77,30.82,2021-02-04,00:13:07,---
229CY8,39,1/39,3:03.960,96,36.86,2021-01-30,17:37:23,---
8PCAWG,5,2/5,1:53.600,51,33.8,2021-01-30,16:27:57,---
5WKG9H,5,5/5,8.72,0,0.0,2021-01-30,15:46:34,---
UPT0VM,6,6/6,23.54,5,25.49,2021-01-30,15:45:32,---
5CD56E,5,4/5,43.11,19,27.84,2021-01-30,15:43:47,---
QNXAPK,4,2/4,1:45.760,58,42.55,2021-01-30,15:41:34,---
BULWAJ,5,1/5,1:02.640,24,24.9,2021-01-30,15:39:43,---
FKMZOO,6,3/6,1:29.050,39,36.38,2021-01-30,15:38:31,---
15MPG6,5,4/5,42.05,13,31.39,2021-01-30,15:36:20,---
7SNPMA,5,3/5,1:29.790,53,50.79,2021-01-30,15:34:33,---
HSMMYP,5,3/5,49.99,17,25.2,2021-01-30,15:32:31,---
B0WD2G,6,6/6,29.48,11,22.39,2021-01-30,15:31:13,---
MFYG7S,5,3/5,2:04.810,85,44.23,2021-01-30,15:30:05,---
S5UIUB,6,5/6,1:13.440,42,45.75,2021-01-30,15:27:45,---
7KB5U3,6,5/6,1:40.040,65,49.78,2021-01-30,15:25:18,---
L148C3,6,3/6,2:18.560,63,34.21,2021-01-30,15:22:42,---
DTXN30,6,2/6,2:24.960,82,41.8,2021-01-30,15:20:19,---
841NED,7,3/7,1:31.180,49,40.8,2021-01-30,15:17:48,---
H9BLBM,5,3/5,2:10.010,61,35.07,2021-01-30,15:15:35,---
EBZIGP,6,5/6,49.44,20,27.91,2021-01-30,15:12:59,---
D9DX2M,6,5/6,40.62,14,25.11,2021-01-30,15:10:34,---
VXO4I7,5,1/5,2:26.450,70,43.43,2021-01-29,13:37:18,---
HBPZNF,5,1/5,2:06.730,88,48.29,2021-01-29,13:34:46,---
Q0N8CX,4,1/4,1:16.050,88,76.53,2021-01-29,13:32:34,---
DI6A5Q,5,1/5,2:29.780,67,34.05,2021-01-28,15:08:38,---
A79WF7,6,4/6,25.64,17,39.78,2021-01-28,15:06:00,---
MO9V6T,4,2/4,35.1,10,32.48,2021-01-28,15:03:57,---
F4YVZG,3,3/3,35.15,21,39.26,2021-01-28,15:03:17,---
LERFAH,4,2/4,1:26.460,43,47.88,2021-01-28,15:02:14,---
XJQMI7,4,3/4,56.34,39,42.6,2021-01-28,15:00:39,---
94Y8C4,5,4/5,18.07,0,0.0,2021-01-28,14:58:50,---
BZFU1T,6,2/6,1:48.130,58,42.17,2021-01-28,14:57:10,---
9BGS3Z,4,2/4,2:53.560,65,28.69,2021-01-28,14:55:16,---
QOR9ZM,7,2/7,2:33.080,66,32.14,2021-01-28,14:52:17,---
6SRMQ7,5,1/5,2:41.880,107,46.33,2021-01-28,14:47:32,---
AKV8YU,5,3/5,2:23.970,73,41.26,2021-01-28,14:44:45,---
B2EUBA,4,2/4,2:13.780,96,54.27,2021-01-28,14:42:08,---
DDZDDX,4,3/4,1:04.570,15,28.81,2021-01-28,14:39:48,---
6XTHX8,4,2/4,1:54.840,58,38.14,2021-01-28,14:37:18,---
CY4KQ2,2,1/2,37.94,27,47.44,2021-01-25,17:48:58,---
30FWC6,3,1/3,41.96,50,78.65,2021-01-25,17:48:15,---
RIFYMB,3,3/3,49.11,9,18.33,2021-01-25,17:47:25,---
NK0FFX,3,3/3,40.63,8,14.77,2021-01-25,17:11:27,---
DZ0V4E,5,2/5,2:13.290,69,36.01,2021-01-25,17:09:53,---
0X5PHT,4,2/4,1:39.340,47,39.26,2021-01-25,17:07:31,---
CCVR6R,3,1/3,47.51,57,71.98,2021-01-25,17:05:48,---
IJC32I,4,1/4,2:13.560,52,34.14,2021-01-24,18:00:42,---
P0ZG47,43,10/43,2:27.920,60,30.02,2021-01-23,22:27:25,---
CFLEUD,5,5/5,24.11,3,12.44,2021-01-23,20:24:02,---
YXF9B6,6,5/6,1:49.500,42,30.14,2021-01-22,20:31:11,---
R0570W,6,2/6,1:55.760,54,42.5,2021-01-22,10:13:07,---
8DT941,6,5/6,26.25,14,41.14,2021-01-22,10:11:06,---
DKXAYG,5,5/5,19.45,0,3.08,2021-01-22,10:10:03,---
HFDG31,5,4/5,29.22,9,26.69,2021-01-22,10:08:53,---
AYCTI2,5,1/5,2:28,75,37.3,2021-01-22,10:06:43,---
O7X3NJ,6,1/6,2:18.560,61,29.88,2021-01-22,08:42:10,---
9A7AVI,6,2/6,2:34.310,90,43.94,2021-01-22,08:39:47,---
016H4S,5,3/5,2:10.750,68,38.55,2021-01-22,08:37:03,---
WNMB2B,7,1/7,1:58.010,106,59.49,2021-01-22,08:34:01,---
R9B6S4,39,7/39,2:25.070,66,30.61,2021-01-22,05:02:31,---
0H3D1M,45,1/45,3:02.260,106,40.16,2021-01-22,04:59:25,---
Y3QXJA,43,5/43,2:52.480,95,35.83,2021-01-22,04:56:17,---
QP7DM5,46,4/46,2:58.410,77,31.61,2021-01-22,04:53:15,---
B0UBH8,46,18/46,2:18.960,67,35.84,2021-01-22,04:50:06,---
AO052S,44,7/44,2:39.210,86,39.19,2021-01-22,04:46:58,---
TN41V0,42,9/42,2:43.270,80,34.18,2021-01-22,04:43:52,---
RLWWJE,44,8/44,2:57.260,89,34.86,2021-01-22,04:40:44,---
8UPSA9,41,5/41,2:56.740,87,35.99,2021-01-22,04:37:31,---
HPW3CE,44,22/44,2:03.390,59,35.98,2021-01-22,00:59:44,---
YJ5DN9,36,4/36,2:46.580,75,32.06,2021-01-22,00:56:36,---
PCSUK9,5,5/5,13.39,0,4.48,2021-01-22,00:52:09,---
UZZW0D,5,5/5,52.16,19,36.81,2021-01-22,00:51:26,---
3WLBRG,5,2/5,1:14.280,39,41.2,2021-01-22,00:50:08,---
3Q3C3O,5,1/5,2:26.090,64,34.91,2021-01-21,22:29:09,---
DFK4AA,6,6/6,26.35,2,22.77,2021-01-21,22:26:31,---
H4Z187,7,7/7,1:17.220,27,28.75,2021-01-21,22:24:08,---
QJDL7B,5,3/5,1:37.710,55,38.07,2021-01-21,22:21:17,---
7HNJ1W,5,3/5,1:55.630,51,32.17,2021-01-21,22:19:08,---
S6PTBP,6,3/6,1:43.920,43,35.8,2021-01-21,22:16:45,---
RXYVH8,5,1/5,2:20.440,59,27.34,2021-01-21,18:29:50,---
RXJKXR,5,2/5,1:39.390,47,40.45,2021-01-21,18:27:25,---
Z7CHR3,3,1/3,1:48.990,48,29.73,2021-01-21,18:25:41,---
N09P4D,6,1/6,2:23.560,69,37.2,2021-01-21,18:23:46,---
1CLEUX,5,1/5,2:01.330,92,52.91,2021-01-21,18:21:15,---
QWBY8X,3,2/3,1:52.630,88,53.27,2021-01-21,18:19:09,---
RIHXSA,5,1/5,2:17.440,87,46.71,2021-01-21,18:17:11,---
ABOZYY,5,5/5,44.04,8,19.07,2021-01-21,18:14:50,---
KGR06C,6,4/6,1:56.030,54,43.95,2021-01-21,18:12:42,---
M0H01V,4,2/4,2:06.790,63,34.07,2021-01-21,18:10:13,---
99Z8I4,6,2/6,2:04.940,59,34.58,2021-01-21,18:08:01,---
P93X0W,6,4/6,40.36,21,32.71,2021-01-21,18:05:49,---
LEPADK,6,1/6,2:26.390,73,40.99,2021-01-21,18:02:44,---
OQIAMB,6,5/6,1:23.860,35,25.76,2021-01-21,18:00:11,---
6EF9AA,5,2/5,1:13.140,50,43.48,2021-01-21,16:16:28,---
47G91K,5,2/5,1:23.010,43,36.86,2021-01-21,16:15:07,---
7KDGSS,5,2/5,1:37.290,72,59.82,2021-01-21,16:13:39,---
AFVYTG,5,1/5,2:13.920,74,37.19,2021-01-21,16:11:52,---
UMK2K8,41,1/41,3:01.690,106,40.62,2021-01-21,04:39:50,---
VKWZGZ,40,17/40,2:11.390,83,43.84,2021-01-21,04:36:42,---
AXHBU1,42,12/42,2:22.450,98,47.6,2021-01-21,04:33:37,---
DIX9J1,39,12/39,2:25.440,112,53.63,2021-01-21,04:30:31,---
H0R46M,45,10/45,2:55.920,63,27.97,2021-01-21,04:27:20,---
6ELOUC,5,2/5,1:42.210,58,38.74,2021-01-20,19:29:26,---
PR58MS,2,2/2,45.66,2,3.94,2021-01-20,18:19:18,---
DNYTL4,4,1/4,1:19.180,29,28.04,2021-01-20,18:18:27,---
GLPLML,6,5/6,18.58,6,19.38,2021-01-20,18:17:00,---
7VLXG4,4,3/4,53.77,14,24.55,2021-01-20,18:15:34,---
DIOC5T,4,2/4,1:00.510,25,32.72,2021-01-20,18:14:23,---
B00UA4,6,1/6,1:23.390,69,52.52,2021-01-20,18:13:19,---
0MG9CL,3,3/3,42.01,19,34.28,2021-01-20,18:11:52,---
OVHA4J,4,3/4,53.21,26,33.83,2021-01-20,18:10:18,---
JHLB7F,3,1/3,1:16.950,49,41.33,2021-01-20,18:08:29,---
H7GALU,3,1/3,30.78,25,54.58,2021-01-20,18:07:08,---
OVBY9Q,2,1/2,52.6,14,27.38,2021-01-20,18:06:32,---
PEKXX0,5,1/5,1:31.410,46,31.51,2021-01-20,18:05:32,---
ZAGJW7,5,3/5,1:05.750,33,36.5,2021-01-20,18:03:54,---
R3XF9S,4,3/4,41.13,25,48.14,2021-01-20,18:01:57,---
LCYUOK,5,2/5,1:13.920,34,40.58,2021-01-20,17:59:42,---
DTU9MY,2,2/2,33.23,16,34.31,2021-01-20,17:58:25,---
PKFC9L,6,2/6,2:45.040,94,43.99,2021-01-20,14:04:30,---
3SBM9W,6,4/6,1:03.660,22,22.62,2021-01-20,14:01:41,---
QUQOXD,6,3/6,1:59.060,50,31.75,2021-01-20,13:59:13,---
81XPIM,6,2/6,2:13.820,44,30.04,2021-01-20,12:51:45,---
8OX2MZ,5,3/5,2:09.690,73,43.49,2021-01-20,12:49:27,---
6WOT2S,4,2/4,1:33.910,30,27.47,2021-01-20,10:18:16,---
QT1XYN,1,1/1,18.27,0,0.0,2021-01-19,15:42:21,---
7ZCL2Y,2,1/2,22.09,11,29.88,2021-01-19,15:41:59,---
UT8GG6,2,1/2,1:01.590,21,31.17,2021-01-19,15:41:33,---
JOYXBE,2,2/2,2:08.980,61,31.63,2021-01-19,15:40:27,---
HYZMWX,2,2/2,4.07,0,0.0,2021-01-19,15:38:14,---
4MFC8C,2,2/2,34.61,6,10.4,2021-01-19,15:37:55,---
MJLXQC,2,2/2,38.76,5,12.38,2021-01-19,15:37:16,---
DVFLC2,2,2/2,20.59,4,11.66,2021-01-19,15:36:34,---
YKTRNX,2,1/2,36.65,17,40.93,2021-01-19,15:36:09,---
XOZ4D5,2,1/2,1:34.390,62,52.12,2021-01-19,15:35:30,---
XEZ309,2,1/2,18.04,19,63.19,2021-01-19,15:33:51,---
3P019J,3,2/3,2:19.800,56,41.63,2021-01-19,15:33:29,---
AR5VFY,3,2/3,1:44.860,63,41.2,2020-05-23,15:40:28,---
LF1L2O,2,2/2,1:11.070,41,39.68,2021-01-19,15:29:14,---
AJNGEG,3,3/3,42.99,9,16.75,2021-01-19,15:27:59,---
EKAB9G,3,1/3,2:09.180,65,33.91,2021-01-19,15:26:08,---
ZMOQM5,3,1/3,1:50.520,50,38.0,2021-01-19,15:23:53,---
L9G0E3,4,3/4,1:11.590,37,33.52,2021-01-19,15:21:59,---
FXC06D,6,2/6,1:41.770,41,32.43,2021-01-19,13:05:01,---
FV94IZ,6,4/6,40.17,5,13.44,2021-01-19,13:03:12,---
CGNLKX,6,4/6,28.02,1,8.57,2021-01-19,13:00:52,---
IHUBYU,5,4/5,33.65,10,24.96,2021-01-19,12:59:56,---
4CVP7P,6,3/6,2:13.890,73,45.26,2021-01-19,12:58:41,---
WT8J7B,5,4/5,32.47,3,7.39,2021-01-19,12:56:16,---
L7EU76,6,2/6,1:58.370,47,37.0,2021-01-19,12:55:12,---
1X9D2R,6,6/6,32.6,4,27.61,2021-01-19,12:53:04,---
9S68CJ,6,5/6,1:06.900,28,34.98,2020-05-06,00:48:25,---
9GGLZJ,5,4/5,50.78,27,51.99,2021-01-19,12:48:47,---
1YAR6C,3,1/3,1:46.580,46,32.65,2021-01-18,15:18:02,---
58XGUE,5,2/5,1:07.600,14,33.73,2021-01-18,02:26:35,---
FRF7IW,5,3/5,1:19.710,40,45.92,2021-01-18,01:28:03,---
QE94VR,6,3/6,1:54.070,85,55.23,2021-01-18,01:25:32,---
DTNSE4,5,3/5,2:08.340,68,39.74,2021-01-17,17:14:54,---
9IWFFZ,6,1/6,2:21.740,86,47.83,2021-01-17,17:12:25,---
SB09Q2,6,4/6,53.98,18,26.68,2021-01-17,17:09:58,---
4N2YRK,6,5/6,57.65,14,28.1,2021-01-17,17:07:48,---
M3Z0EO,6,5/6,1:14.420,27,41.92,2021-01-17,17:04:53,---
ER4B7V,6,3/6,2:00.450,28,19.93,2021-01-17,17:02:27,---
EO4OU4,5,5/5,49.87,13,21.66,2021-01-17,17:00:11,---
GVF859,6,2/6,2:07.180,87,49.54,2021-01-17,16:58:38,---
1JWEQZ,6,3/6,1:30.080,43,38.63,2021-01-17,16:56:26,---
94WGZ5,8,2/8,2:04.960,67,47.06,2021-01-06,07:22:50,---
YGY6JJ,4,2/4,2:17.970,65,33.92,2021-01-13,20:25:02,---
PBKGQT,3,2/3,2:03.010,50,31.22,2021-01-13,20:22:38,---
L7LMGK,2,2/2,22.79,15,39.49,2021-01-13,20:20:25,---
ZW1FYO,5,1/5,1:45.590,59,40.91,2021-01-13,20:19:25,---
0M0P3V,6,3/6,1:23.990,35,31.43,2021-01-13,20:17:30,---
FC1CBO,6,2/6,2:16.700,67,35.11,2020-06-06,16:03:17,---
JY42C4,6,5/6,51.68,5,15.09,2021-01-13,20:13:04,---
0Z8QAA,4,2/4,2:26.160,47,27.91,2021-01-13,20:10:39,---
UM03GV,6,1/6,2:23.190,75,43.58,2021-01-13,20:08:00,---
BXHG2F,5,3/5,2:01.190,64,34.66,2021-01-13,14:30:22,---
NRRXSQ,4,2/4,2:05.170,67,39.79,2021-01-13,14:27:47,---
T8SQ7Y,5,1/5,1:11.370,39,37.83,2021-01-13,14:25:37,---
ZDXE7G,2,1/2,2:03.930,64,37.28,2021-01-13,13:03:09,---
OJ3I05,2,2/2,1:32.700,19,17.48,2021-01-13,13:01:01,---
D3YOAH,2,1/2,1:54.890,57,45.43,2021-01-13,12:59:24,---
M6HM5S,3,1/3,1:39.300,46,33.84,2021-01-13,12:57:25,---
4QC7KP,1,1/1,12.8,0,0.0,2021-01-13,12:55:42,---
HLL4K9,3,1/3,36.26,31,51.3,2021-01-13,12:55:22,---
Z066QD,3,3/3,1:54.030,35,29.99,2021-01-13,12:54:30,---
XACH3U,3,3/3,21.86,0,0.0,2021-01-13,12:52:10,---
6C8TNY,3,3/3,23.17,4,10.36,2021-01-13,12:50:57,---
27YFH3,4,3/4,1:03.100,23,26.62,2020-08-20,12:34:45,---
4U3JNF,6,4/6,1:29.270,32,34.95,2021-01-13,09:45:02,---
1P5T00,4,1/4,1:52.210,48,35.29,2021-01-13,09:42:19,---
HKK7I5,5,3/5,1:36.940,25,25.38,2021-01-13,09:40:16,---
WPDS80,5,3/5,1:59.110,49,34.25,2021-01-13,09:37:10,---
VBBBF6,4,2/4,2:03.810,73,45.07,2021-01-13,07:20:25,---
KZO2PU,5,1/5,2:14.280,65,40.21,2021-01-13,07:18:17,---
D157A9,5,2/5,2:14.920,72,39.13,2021-01-13,07:15:59,---
MNC427,5,4/5,36.55,10,19.7,2021-01-13,07:13:40,---
T89HH2,4,2/4,2:25.710,68,39.53,2021-01-13,07:12:28,---
9Y75N9,5,1/5,1:07.180,44,44.66,2021-01-13,07:09:58,---
WIJHG0,4,1/4,1:34.430,56,43.21,2021-01-13,07:08:46,---
42SJ7I,5,4/5,34.9,15,37.82,2021-01-13,07:07:07,---
3BXM7P,5,1/5,1:35.050,42,30.93,2021-01-13,07:05:21,---
5L91XO,4,2/4,1:39.590,33,30.73,2021-01-13,07:03:42,---
PXL9A5,6,5/6,28.54,11,23.13,2021-01-13,07:01:59,---
04QD19,5,4/5,30.38,2,7.9,2021-01-13,06:59:39,---
9RV0A5,6,1/6,2:50.930,82,34.4,2021-01-13,06:57:12,---
F6QG04,4,2/4,1:54.510,35,30.39,2021-01-13,06:54:17,---
6M9V46,5,5/5,31.26,0,1.92,2021-01-13,06:52:18,---
3EIPEC,4,3/4,2:19.240,86,46.54,2021-01-12,20:11:46,---
YO70NB,4,1/4,1:01.750,41,46.64,2021-01-12,20:09:16,---
I3RU4T,5,3/5,1:05.300,20,25.73,2021-01-12,20:08:08,---
W4DZ09,4,3/4,53.6,22,31.34,2021-01-12,20:05:53,---
7QJJ71,6,1/6,2:25.780,69,35.4,2021-01-12,20:03:30,---
61WMC2,5,2/5,1:39.360,70,49.52,2021-01-12,20:01:00,---
Q4R4ZD,5,1/5,2:02.200,93,52.05,2021-01-12,19:59:13,---
OYGPWN,5,2/5,2:21.420,86,50.91,2021-01-12,17:24:34,---
601CB3,3,2/3,49.27,21,36.53,2021-01-12,17:07:42,---
B4P914,3,2/3,56.41,27,30.85,2021-01-12,17:06:48,---
CMTZS0,4,3/4,48.73,1,12.31,2021-01-12,17:05:34,---
QGPHNS,4,2/4,2:00.560,59,38.82,2021-01-12,17:04:15,---
PZSHVF,5,3/5,1:58.720,49,28.81,2021-01-12,17:02:10,---
IQ27YG,3,2/3,1:16.450,37,40.81,2021-01-12,16:46:45,---
MD98FL,3,3/3,26.86,12,51.38,2021-01-12,16:45:25,---
YTDIQY,3,2/3,30.08,16,41.89,2021-01-12,16:44:44,---
WX258E,4,3/4,26.3,0,2.28,2021-01-12,16:44:07,---
U0326C,4,4/4,37.05,16,40.49,2021-01-12,16:43:19,---
U1UF8Z,3,3/3,17.88,0,13.42,2021-01-12,16:40:56,---
BRK3WP,4,2/4,1:36.340,65,53.56,2021-01-12,16:25:12,---
WZ6K2N,4,1/4,2:09.820,88,49.45,2021-01-12,16:23:31,---
X6S6FR,6,2/6,2:33.650,70,35.54,2021-01-12,16:21:19,---
L9OUQG,5,4/5,32.69,0,1.84,2021-01-12,16:18:41,---
B2NMNQ,5,4/5,59.95,23,28.02,2021-01-12,16:16:46,---
9W6E7W,5,1/5,2:41.390,77,33.83,2021-01-12,14:43:30,---
PW9ZKW,4,3/4,49.45,14,23.05,2021-01-12,14:40:44,---
BIG2AB,3,3/3,51.61,2,13.95,2021-01-12,14:39:04,---
6CZ55E,4,1/4,1:47.750,86,51.23,2021-01-12,14:37:39,---
0VCYD4,43,5/43,2:27.470,84,39.47,2021-01-12,14:25:05,---
W5IX2K,37,3/37,2:58.660,106,38.28,2021-01-12,14:00:44,---
HCN1ND,36,14/36,2:15.650,61,30.96,2021-01-12,13:57:39,---
W5UXS1,36,10/36,2:12.700,84,43.41,2021-01-12,13:54:36,---
JGFYMD,37,6/37,2:22.840,87,46.21,2021-01-12,13:51:28,---
VSVH7L,3,2/3,1:03.160,29,40.85,2021-01-10,14:53:05,---
9O8BYK,37,2/37,3:02.060,85,32.3,2021-01-10,14:46:12,---
OPJ9SB,39,4/39,2:53.290,104,46.05,2021-01-10,14:33:37,---
FAZQBT,42,11/42,2:17.810,71,37.88,2021-01-10,14:30:29,---
R3UGPW,3,2/3,49.32,30,49.88,2021-01-10,11:48:04,---
V5OCOV,3,1/3,1:44,75,53.65,2021-01-10,11:47:07,---
36ANM8,2,1/2,1:01.310,18,42.08,2021-01-10,11:45:19,---
3KC557,2,1/2,31.27,20,61.4,2021-01-10,11:44:14,---
XH3RHW,2,2/2,29.57,17,44.64,2021-01-10,11:43:39,---
Q2T3AU,2,2/2,12.87,1,4.66,2021-01-10,11:43:05,---
30S0CO,2,2/2,53.83,20,40.13,2021-01-10,11:42:49,---
08VFTY,3,2/3,20.1,20,62.69,2021-01-10,11:41:51,---
O5P6KL,2,1/2,23.48,18,46.0,2021-01-10,11:41:27,---
TLLXDS,2,2/2,14.01,0,0.0,2021-01-10,11:41:00,---
PI6VEC,2,2/2,1:18.050,33,36.9,2021-01-10,11:40:42,---
EF1GTV,2,2/2,24.98,12,28.82,2021-01-10,11:39:20,---
QSFJ64,2,2/2,48.47,10,21.04,2021-01-10,11:38:51,---
J4JDY6,2,2/2,33.79,6,12.43,2021-01-10,11:37:59,---
5H4GAJ,2,2/2,9.83,0,0.0,2021-01-10,11:37:21,---
GOM9TP,2,2/2,56.25,32,52.27,2021-01-10,11:37:07,---
996KQ4,2,1/2,49.45,21,43.68,2021-01-10,11:36:07,---
ZDXZ4H,2,2/2,26.54,6,24.87,2021-01-10,11:35:14,---
TCCO1E,2,2/2,51.56,35,55.86,2021-01-10,11:34:43,---
9INYV9,2,2/2,40.77,23,45.62,2021-01-10,11:33:47,---
OUMZ1P,3,3/3,34.68,4,12.11,2021-01-10,11:33:03,---
ZUPHKL,6,5/6,27.54,6,34.86,2021-01-10,10:51:41,---
HAJ58I,6,4/6,1:22.430,22,24.02,2021-01-10,10:49:35,---
PCCWVO,6,2/6,1:42.810,60,50.19,2021-01-10,10:47:44,---
M51WA6,3,2/3,1:35.280,43,32.12,2021-01-10,08:08:53,---
FN5QJN,3,1/3,2:12.850,71,39.74,2021-01-10,08:07:14,---
3EOZT2,2,1/2,40.24,27,46.22,2021-01-10,08:04:58,---
W3C4GX,3,2/3,2:55.220,52,27.05,2021-01-10,08:04:10,---
YS37NK,3,1/3,1:36.660,47,32.28,2021-01-10,08:01:10,---
168MK7,3,2/3,1:00.830,35,38.47,2021-01-10,07:59:29,---
31O18S,3,3/3,45.22,6,10.61,2021-01-10,07:58:24,---
Z9TGQM,3,2/3,1:35.180,57,47.28,2021-01-10,07:56:11,---
QCJ5CL,3,2/3,2:20.880,67,33.22,2021-01-10,07:54:31,---
5IKM7M,4,2/4,1:09.670,41,44.78,2021-01-10,07:52:03,---
99K9FW,3,2/3,1:06.100,27,29.05,2021-01-10,07:50:49,---
YZQVAR,3,2/3,2:18.890,54,28.08,2021-01-10,07:49:38,---
1BPQUL,4,2/4,2:16.460,73,36.93,2021-01-10,07:47:14,---
FYKLDF,2,1/2,45.43,30,39.62,2021-01-10,07:44:55,---
ZQQOSO,3,2/3,45.47,34,50.14,2021-01-10,07:44:05,---
EXKBC0,5,1/5,1:21.330,46,40.58,2021-01-10,07:43:13,---
UWWI2Q,2,1/2,1:46.050,35,23.2,2021-01-10,07:41:43,---
O520NW,4,3/4,16.92,10,39.01,2021-01-10,07:39:44,---
8VDOIO,2,1/2,37.81,22,46.02,2021-01-10,07:37:32,---
T9VAEW,2,2/2,15.35,4,15.64,2021-01-10,07:36:48,---
34HPKE,2,1/2,12.82,24,121.68,2021-01-10,07:36:28,---
8RJCUT,2,1/2,26.3,19,43.35,2021-01-10,07:36:11,---
QKZ7GX,2,1/2,1:02.390,44,46.16,2021-01-10,07:35:40,---
ZT4HSV,3,1/3,35.12,31,58.09,2021-01-10,07:34:32,---
4QR9YI,6,6/6,20.83,4,11.52,2021-01-05,06:49:43,---
MJRTDK,6,2/6,57.76,38,44.67,2021-01-05,06:47:19,---
R9TL2W,6,3/6,2:02.210,75,45.66,2021-01-05,06:46:17,---
91RZDL,5,5/5,32.65,21,45.94,2021-01-05,06:43:22,---
E5LSIS,5,5/5,19.85,0,0.0,2021-01-05,06:41:08,---
DU1IUU,6,3/6,2:03.700,80,47.05,2021-01-05,06:39:32,---
SSS9XA,4,3/4,1:10.630,45,39.08,2021-01-05,06:36:39,---
NGX0QC,6,4/6,1:17.660,50,40.95,2021-01-05,06:34:53,---
SATZIX,5,1/5,1:45.570,63,42.06,2021-01-05,06:32:02,---
2HKGCN,6,5/6,15.99,4,15.01,2021-01-05,06:30:12,---
1F72DW,7,3/7,2:46.700,71,29.51,2021-01-05,06:27:51,---
RSGUQP,35,1/35,3:02.040,94,36.91,2021-01-05,05:11:15,---
UADSKM,35,4/35,2:54.330,84,32.01,2021-01-05,05:08:07,---
WR2SUY,42,11/42,2:19.680,58,30.5,2021-01-05,05:05:02,---
QN9GY5,5,2/5,2:00.560,69,41.31,2021-01-04,11:46:55,---
COAIPA,5,1/5,2:05.060,65,37.42,2021-01-04,11:28:32,---
NL90TF,3,3/3,52.39,16,26.34,2021-01-04,11:26:22,---
A0HJ09,4,1/4,1:15.190,28,27.93,2021-01-04,11:25:09,---
TKH4BU,6,6/6,14.87,0,4.03,2021-01-04,10:43:18,---
P2JGRM,6,3/6,1:26.020,36,29.99,2021-01-04,10:42:29,---
EA7UGG,7,4/7,50.59,22,43.88,2021-01-04,10:40:54,---
KK51YB,6,6/6,18.36,0,3.27,2021-01-04,10:39:28,---
VFNHOA,6,5/6,52.43,11,34.33,2021-01-04,10:37:14,---
3GXXMW,5,5/5,51.08,24,35.24,2021-01-04,10:35:07,---
37UUWI,5,2/5,1:52.230,34,33.68,2021-01-04,10:33:01,---
R6K6H7,35,1/35,2:59.990,116,46.67,2021-01-03,23:04:35,---
WYU9WE,6,1/6,1:37.360,95,62.86,2020-12-28,00:31:06,---
UWGJYQ,44,18/44,2:14.420,58,31.25,2021-01-03,16:38:24,---
7KSGWM,38,1/38,2:58.760,115,44.64,2021-01-03,16:35:16,---
I0AFHJ,39,1/39,3:01.760,118,43.57,2021-01-03,16:32:10,---
65GT52,5,2/5,2:15.100,56,47.52,2021-01-02,22:55:34,---
R48EDT,5,2/5,50.31,32,40.55,2021-01-02,22:53:15,---
F6R32D,41,1/41,2:59.200,125,48.21,2021-01-02,22:36:16,
GTKHUH,40,1/40,2:55.980,77,37.16,2021-01-02,22:30:06,
595YQZ,45,10/45,2:22.120,38,21.53,2021-01-02,22:27:04,---
7MIPP6,44,5/44,2:30.700,71,35.83,2021-01-02,22:23:58,---
S62YEL,43,35/43,48.17,7,12.46,2021-01-02,22:20:56,---
J2RR27,44,6/44,2:23.010,60,32.72,2021-01-02,22:17:48,---
IFO8T7,43,12/43,1:57.060,29,23.07,2020-12-12,21:19:24,---
A6TWU1,34,15/34,2:20.490,90,43.99,2020-10-22,16:29:44,---
W3X9NR,45,1/45,2:58.390,109,45.41,2020-10-04,23:57:04,
66TW8C,5,3/5,30.79,20,56.51,2020-08-10,23:09:22,
9F8COR,46,3/46,3:01.520,108,38.67,2020-08-01,01:59:16,---
VJL4TT,41,23/41,1:20.550,18,15.64,2020-07-27,04:10:02,---
2XFN9F,36,19/36,2:07.790,41,23.95,2020-07-03,19:19:36,---
7KMMDU,41,16/41,2:17.260,63,35.41,2020-06-20,16:26:54,
W9M2K6,41,11/41,2:23.110,97,48.21,2020-06-15,22:42:41,
AJSV8D,44,1/44,3:00,101,37.33,2020-06-15,03:39:44,---
F5T4BZ,41,1/41,2:59.790,62,30.04,2020-06-07,03:34:49,
DA7QYR,6,3/6,2:22.660,46,21.87,2020-06-05,16:06:42,
CPNVVW,39,20/39,2:05.270,65,34.96,2020-06-04,18:04:51,---
6GZWQ9,39,1/39,2:59.090,73,30.82,2020-06-03,16:36:43,
Y34JXL,45,28/45,2:07.790,66,34.74,2020-05-25,02:34:11,---
JE6K9F,41,11/41,1:57.120,43,31.25,2020-04-23,20:48:22,---
2WR1RC,44,2/44,2:53.530,77,34.23,2020-04-01,14:43:56,---
GHWKYS,44,19/44,1:41.830,40,30.05,2020-04-01,14:41:00,---
9NZG1E,43,9/43,2:20.220,65,33.8,2020-03-31,21:48:25,---
TRNEPJ,40,6/40,2:56.740,48,21.39,2020-03-26,21:23:05,---
LNJT41,37,9/37,2:10.180,69,35.49,2020-03-12,15:20:58,---
CA2SNE,40,2/40,2:55.840,84,33.78,2020-02-29,18:43:18,---
IR64Y5,19,2/19,3:03.120,108,39.32,2020-01-13,15:07:42,
S0T0QB,19,9/19,2:09.280,44,26.45,2019-12-22,12:56:25,
G3J3AQ,20,1/20,2:57.710,76,27.35,2019-12-18,17:27:10,
JUVZ2H,17,5/17,2:58.950,76,29.84,2019-11-25,20:02:23,
3UASJD,18,11/18,1:44.880,43,26.32,2019-11-25,18:24:34,---
2L044W,17,12/17,1:34.870,21,18.34,2019-11-25,18:16:14,---
S667G0,3,3/3,1:59,44,32.27,2019-11-20,19:56:28,---
QBPO84,24,10/24,2:20.770,47,22.16,2019-10-11,01:05:47,---
